taxon_id,common_name,scientific_name,has_globi
117304,Man O' Wars,Physaliidae,True
117302,Portuguese Man o' War,Physalia physalis,True
48331,Flag-mouth Jellies,Semaeostomeae,True
986245,Southern Moon Jelly,Aurelia marginalis,True
83415,Black Jelly,Chrysaora achlyos,True
83319,,Arothron,True
51105,Pyrosomes,Pyrosomatida,True
370955,,Pyrostremma,True
370954,Giant Salp,Pyrostremma spinosum,True
1303739,,Scombriformes,True
91906,,Schedophilus,True
246409,Blanket Octopuses,Tremoctopus,True
432549,Robson's Blanket Octopus,Tremoctopus robsoni,True
49409,"Grinners, Lizardfishes, and Allies",Aulopiformes,True
85841,Deepsea Tripod Fishes,Ipnopidae,True
86896,,Bathypterois,True
604230,Bump-head Mola,Mola alexandrini,True
154710,Cyaneid Jellies,Cyaneidae,True
69831,Root-mouth Jellies,Rhizostomeae,True
128143,Upsidedown Jellies,Cassiopeidae,True
87507,,Cladocora,True
120131,,Gorgoniidae,True
496338,Atlantic Sea Plumes,Antillogorgia,True
69832,Mastigiid Jellies,Mastigiidae,True
1066703,,Scalpellomorpha,True
85040,,Planes,True
48756,Sea Swallows,Glaucidae,True
246548,,Recluzia,True
565367,,Recluzia lutea,True
861464,,Glaucilla,True
861465,,Glaucilla bennettae,True
254081,Dwarf Violet Snail,Janthina exigua,True
152935,,Amphinomida,True
195359,,Phronimidae,True
35201,,Hydrophis,True
48925,Thecate Hydroids,Leptothecata,True
171652,Many-ribbed Jellies,Aequoreidae,True
191502,Crystal Jellies,Aequorea,True
117708,,Tentaculata,True
171735,,Bolinopsidae,True
60679,,Lovenellidae,True
60678,,Eucheilota,True
520274,Bean Clam  Hydroid,Eucheilota bakeri,True
510793,,Eurhamphaea,True
605549,,Eurhamphaea vexilligera,True
50870,Mackerel Sharks,Lamniformes,True
69678,Mako Sharks,Isurus,True
86352,,Allothunnus,True
68095,Box Jellies,Cubozoa,True
246149,,Carybdeida,True
814057,,Tripedaliidae,True
874232,,Copula,True
874230,,Copula sivickisi,True
379633,,Desmonema,True
410649,Spotted Jelly,Desmonema gaudichaudi,True
333777,Fat-armed Jellies,Catostylidae,True
644444,,Crambionella,True
502402,,Acromitus,True
502401,River Jelly,Acromitus flagellatus,True
643486,,Soestia,True
51219,,Aglaopheniidae,True
50532,,Fionidae,True
50533,,Fiona,True
715805,Devil Rays,Mobulidae,True
49697,Devil Rays,Mobula,True
1303727,,Carangiformes,True
90150,,Naucrates,True
152923,,Cestida,True
153457,Venus' Girdles,Cestidae,True
153458,,Cestum,True
153456,Venus' Girdle,Cestum veneris,True
329113,,Sapphirinidae,True
346895,,Boloceroididae,True
346894,,Boloceroides,True
472036,Swimming anemone,Boloceroides mcmurrichi,True
245629,,Carybdeidae,True
247158,,Carybdea,True
528591,Jimble,Carybdea rastoni,True
1303607,,Spratelloididae,True
995121,Mosaic Jellies,Leptobrachidae,True
487380,,Thysanostoma,True
509561,Pelagic Purple Jelly,Thysanostoma loriferum,True
195481,,Oceaniidae,True
195485,,Turritopsis,True
153461,,Leucotheidae,True
85108,Ram's Horn Squids,Spirulida,True
85109,Ram's Horn Squids,Spirulidae,True
85110,,Spirula,True
52318,Polyclad Flatworms,Polycladida,True
554753,Hoodwinker Mola,Mola tecta,True
41524,Common Dolphins,Delphinus,True
764920,Versurigid Jellies,Versurigidae,True
710376,,Versuriga,True
779271,Egg-yolk Jellies,Phacellophoridae,True
52967,,Phacellophora,True
60669,,Mitrocoma,True
493918,,Mitrocoma cellularia,True
4503,Puffins,Fratercula,True
41565,,Megaptera,True
4558,Synthliboramphus Murrelets,Synthliboramphus,True
41445,,Phocoenoides,True
41754,,Eumetopias,True
4526,Brachyramphus Murrelets,Brachyramphus,True
4552,,Cerorhinca,True
246862,,Leuckartiara,True
776381,,Leuckartiara longicalcar,True
768233,,Poralia,True
776815,Red Jelly,Poralia rufescens,True
1303731,,Centrarchiformes,True
195395,,Physophoridae,True
195393,,Physophora,True
89180,,Jasus,True
246133,Inshore Squids,Myopsida,True
49442,Reef Squids,Sepioteuthis,True
61542,Anglerfishes,Lophiiformes,True
61543,Dreamers,Oneirodidae,True
88020,,Dolopichthys,True
474812,,Uroteuthis,True
700303,Luminous bay squid,Uroteuthis noctiluca,True
1032446,Cownose Rays,Rhinopteridae,True
195407,,Abylidae,True
195403,,Abylopsis,True
152065,,Litostomatea,True
320124,,Mesodiniidae,True
324774,,Cyclosalpa,True
324773,,Cyclosalpa affinis,True
742930,Bay Nettle,Chrysaora chesapeakei,True
128745,Chthamalid Barnacles,Chthamalidae,True
67425,,Laminariaceae,True
124749,,Macrocystis,True
254083,Elongated Violet Snail,Janthina umbilicata,True
56939,,Katsuwonus,True
551398,,Lottioidea,True
85525,,Littorinimorpha,True
519379,,Lepas testudinata,True
1303725,,Gobiiformes,True
372769,Pteriomorph Bivalves,Pteriomorphia,True
792744,dinoflagellates and allies,Miozoa,True
49967,Carpet Sharks,Orectolobiformes,True
52189,Whale Sharks,Rhincodontidae,True
48841,,Rhincodon,True
623966,Oceanic Manta Ray,Mobula birostris,True
459659,Drifter Crab,Planes marinus,True
126128,,Stephanocystis,True
446144,Cheeseman's Puffer,Lagocephalus cheesemanii,True
551480,Discomedusans,Discomedusae,True
520285,Lion's Mane Jellyfish,Cyanea annaskala,True
742933,Australian Sea Nettle,Chrysaora pentastoma,True
344571,,Phlyctenactis,True
344569,Wandering Sea Anemone,Phlyctenactis tuberculosa,True
1104201,,Ommastrephes brevimanus,True
49743,,Hexabranchidae,True
49745,,Hexabranchus,True
490913,,Cyclosalpa bakeri,True
501587,,Aurelia coerulea,True
57775,Florideophycean algae,Florideophyceae,True
67673,,Gigartinales,True
117798,,Endocladiaceae,True
117799,,Endocladia,True
849029,,Thoridae,True
41476,Grey Whales,Eschrichtiidae,True
41477,,Eschrichtius,True
4105,Black-vented Shearwater,Puffinus opisthomelas,True
245625,Rhizostomatid Jellies,Rhizostomatidae,True
349375,Sand Jellies,Rhopilema,True
774990,,Ophiacanthida,True
814194,,Ophiopteridae,True
56689,,Ophiopteris,True
86126,Stargazers,Uranoscopidae,True
91177,,Pleuroscopus,True
531107,Scaled Stargazer,Pleuroscopus pseudodorsalis,True
90331,Bluebottle Fishes,Nomeus,True
1288822,,Busyconidae,True
499860,Lightning Whelks,Sinistrofulgur,True
499861,Texas Lightning Whelk,Sinistrofulgur pulleyi,True
256091,South American Sea Nettle,Chrysaora plocamia,True
801614,,Creseidae,True
51509,,Nuda,True
210415,,Beroe forskalii,True
636264,,Neis,True
636263,,Neis cordigera,True
548200,,Coleusia,True
1132661,,Coleusia magna,True
152821,,Limnomedusae,True
142106,,Geryoniidae,True
48751,,Lottiidae,True
973097,,Lottia conus,True
211047,Southern Finger Limpet,Lottia austrodigitalis,True
798081,Knobbed Argonaut,Argonauta nodosus,True
89038,,Hypsoblennius,True
869842,,Senticaudata,True
775804,Seahares and Akera Snails,Aplysiida,True
775828,Seahares,Aplysioidea,True
117828,coralline algae,Corallinaceae,True
775846,,Lepetellida,True
48647,,Megathura,True
51022,,Dictyotales,True
51023,,Dictyotaceae,True
47402,Chromodorids,Chromodorididae,True
428448,,Felimare,True
469723,California Blue Dorid,Felimare californiensis,True
117833,,Scytosiphonaceae,True
132758,,Zonaria,True
48656,Seahares,Aplysiidae,True
775017,,Verongiida,True
128108,,Aplysinidae,True
131733,,Aiolochroia,True
256011,,Aiolochroia thiona,True
131330,,Rhodymeniales,True
131331,,Rhodymeniaceae,True
520286,,Cyanea rosea,True
447514,Heterotrematan Crabs,Heterotremata,True
195152,,Cycloxanthops,True
369087,,Melo,True
369086,Melon Shell,Melo amphora,True
120969,Crowned Jellies,Cepheidae,True
155646,,Hormathiidae,True
195593,,Calliactis,True
85114,Argus Moray,Muraena argus,True
101898,Spottail Moray,Gymnothorax equatorialis,True
153070,,Ceratophyllales,True
246884,,Phylliroe,True
255192,,Phylliroe bucephala,True
260883,,Oxycephalus clausi,True
26039,Crocodilians,Crocodylia,True
26042,Typical Crocodiles,Crocodylus,True
152824,,Chirodropida,True
245338,,Chiropsalmidae,True
247211,,Chiropsalmus,True
39671,,Eretmochelys,True
39669,Ridley Sea Turtles,Lepidochelys,True
133223,,Thetys,True
247199,,Oceania,True
293263,,Oceania armata,True
81622,,Myida,True
117471,,Barnea,True
368523,Broad Angel's Wing,Barnea dilatata,True
129566,,Anilocra,True
50567,,Bursatella,True
88547,,Gnathophis,True
51429,Sea Lettuces and Single-celled Algae,Ulvophyceae,True
50865,,Bryopsidales,True
50866,,Codiaceae,True
200928,,Rivulariaceae,True
960966,,Rivularia firma,True
746493,,Callianira,True
1074877,,Callianira bialata,True
123388,,Nautilida,True
123389,Nautiluses,Nautilidae,True
123387,,Nautilus,True
124504,Trivia and allies,Triviidae,True
702825,,Pseudopusula,True
195177,,Pilumnidae,True
260600,Retiring Hairy Crab,Pilumnus spinohirsutus,True
152969,,Patelloidea,True
847665,,Exosphaeroma inornata,True
627560,,Pegea,True
861467,Margined Sea Lizard,Glaucilla marginata,True
630795,,Leucothea pulchra,True
464894,,Forskalia,True
464887,,Forskalia edwardsi,True
949337,,Deiopea,True
949340,,Deiopea kaloktenota,True
533431,,Chitonida,True
49055,,Cryptochiton,True
645955,,Solmaris,True
195594,,Hormiphora,True
1075910,,Hormiphora plumosa,True
51430,,Cladophorales,True
51431,,Cladophoraceae,True
195589,,Actinostella,True
331648,,Actinostella bradleyi,True
785612,,Isoaulactinia,True
785611,,Isoaulactinia hespervolita,True
195556,,Anthopleura mariscali,True
39658,,Chelonia,True
246650,,Echinolittorina,True
489205,,Echinolittorina aspera,True
798123,,Salpinae,True
1303726,,Acanthuriformes,True
49317,Spadefishes,Ephippidae,True
69860,Batfishes,Platax,True
490387,,Netrostoma,True
885612,Purple Crowned Jelly,Netrostoma setouchianum,True
48846,,Echeneis,True
1074871,,Beroe gracilis,True
49123,,Plakobranchidae,True
47799,,Elysia,True
61754,,Rostroraja,True
1032432,Clearnose Skate,Rostroraja eglanteria,True
773335,,Aurelia solida,True
54578,,Ectopleura,True
47631,,Mopaliidae,True
51725,Hind's Chiton,Mopalia hindsii,True
48069,Ground Sharks,Carcharhiniformes,True
47672,Forcipulatidan Sea Stars,Forcipulatida,True
195899,Heliasterid Sun Stars,Heliasteridae,True
255743,Gulf Sun Star,Heliaster kubiniji,True
246392,,Doryteuthis,True
50687,Cowries,Cypraeidae,True
519455,,Melicerona,True
794385,Cat Cowry,Melicerona listeri,True
368487,Eglantine Cowry,Mauritia eglantina,True
126971,Waratah Anemone,Actinia tenebrosa,True
708730,,Leucothea multicornis,True
245600,,Aegiridae,True
47812,,Aegires,True
4784,Typical Plovers,Charadrius,True
47507,,Discodorididae,True
47510,,Diaulula,True
49843,,Aglajidae,True
49847,,Navanax,True
49848,California Aglaja,Navanax inermis,True
63294,,Euryleptidae,True
550959,,Praestheceraeus,True
550960,,Praestheceraeus bellostriatus,True
48390,,Corambidae,True
50033,,Corambe,True
52317,,Pseudocerotidae,True
52316,,Pseudoceros,True
625465,Mexican Skirt Dancer,Pseudoceros mexicanus,True
47163,monocots,Liliopsida,True
49146,spiderworts and allies,Commelinales,True
962637,common water hyacinth,Pontederia crassipes,True
47474,,Rostanga,True
50486,,Anteaeolidiella,True
464287,Olive's Aeolid,Anteaeolidiella oliviae,True
47140,,Goniodorididae,True
47139,,Ancula,True
47138,Humped Ancula Sea Slug,Ancula gibbosa,True
56052,,Polyclinidae,True
131232,Pacific Sea Pork,Aplidium californicum,True
47767,,Polyceridae,True
48459,,Polycera,True
525277,,Tethydidae,True
48456,,Melibe,True
117701,,Dendrasteridae,True
117702,,Dendraster,True
488959,,Cardiida,True
243773,Entognathans,Entognatha,True
83891,Short-legged Springtails,Neanuridae,True
47247,Snipefishes and Shrimpfishes,Centriscidae,True
144327,Crested Terns,Thalasseus,True
142751,,Thysanozoon,True
363912,Carpet Flatworm,Thysanozoon brocchii,True
371196,,Metandrocarpa dura,True
51016,,Clavulariidae,True
1242896,,Canarya,True
1242895,,Canarya canariensis,True
776810,Pink Meanies,Drymonematidae,True
567198,Pink Meanies,Drymonema,True
50399,,Scyllaeidae,True
203789,,Scyllaea,True
203788,Sargassum Nudibranch,Scyllaea pelagica,True
152046,,Polycystina,True
912296,,Collodaria,True
912304,,Collozoum,True
67961,Sepiidans,Sepiida,True
91119,,Platybelone,True
701060,,Naria,True
747599,Eroded Cowry,Naria erosa,True
70004,,Pancratium,True
334717,Soldier Crabs,Mictyridae,True
51207,Soldier Crabs,Mictyris,True
49501,Valvatidan Sea Stars,Valvatida,True
48831,Cushion Stars,Asterinidae,True
247133,,Meridiastra,True
355872,Carpet Sea Star,Meridiastra calcar,True
775849,,Trochida,True
416640,,Lunella,True
541751,Rough turban shell,Lunella torquata,True
244652,,Bembicium,True
353764,Striped-mouth Conniwink,Bembicium nanum,True
606079,,Eurynebria,True
606078,the beachcomber,Eurynebria complanata,True
64285,,Nacellidae,True
64286,,Cellana,True
353726,Variegated limpet,Cellana tramoserica,True
126975,,Austrocochlea,True
126974,Zebra Top Snail,Austrocochlea porcata,True
775835,,Cycloneritida,True
343391,,Austrolittorina,True
546433,Little Blue Periwinkle,Austrolittorina unifasciata,True
246860,,Amphinema,True
255135,,Amphinema rugosum,True
47479,,Dironidae,True
47478,,Dirona,True
48978,Colorful Dirona,Dirona picta,True
47770,,Dendrodorididae,True
47769,,Doriopsilla,True
47111,,Triopha,True
47110,Spotted Triopha,Triopha maculata,True
56698,,Stylochidae,True
63292,,Stylochus,True
947245,,Stylochus insolitus,True
870988,,Myrrhinidae,True
47210,,Hermissenda,True
50138,,Thordisa,True
50137,Two-spotted Dorid,Thordisa bimaculata,True
67627,Red-banded Transparent Shrimp,Heptacarpus sitchensis,True
47501,,Arminidae,True
775851,,Adapedonta,True
117627,Rock-borers,Hiatellidae,True
117629,Geoducks,Panopea,True
59357,,Neverita,True
130243,,Saccharina,True
50496,,Austraeolis,True
50495,Stearns' Aeolid,Austraeolis stearnsi,True
564605,,Trinchesiidae,True
564601,,Zelentia,True
564602,,Zelentia pustulata,True
245511,Flat Crabs,Percnidae,True
52477,Flat Crabs,Percnon,True
151771,,Bangiophyceae,True
370272,,Pyropia,True
60880,Sea Bindweed,Calystegia soldanella,True
368310,,Erronea,True
602097,yellow-toothed cowrie,Erronea xanthodon,True
801541,Cymatiid Triton Snails,Cymatiidae,True
354000,,Cabestana,True
353763,Spengler's Trumpet Snail,Cabestana spengleri,True
49724,Kelp Crabs,Epialtidae,True
48576,,Okenia,True
50036,Los Angeles Okenia,Okenia angelensis,True
152668,,Plocamiales,True
319537,,Plocamiaceae,True
320085,,Colpomenia tuberculata,True
815941,,Pugettia dalli,True
53620,Flat Porcelain Crab,Petrolisthes cinctipes,True
54642,Sea Lettuces and Allies,Ulvales,True
133216,,Ulva californica,True
47265,Wahoos,Acanthocybium,True
647476,,Aequorea pensilis,True
120689,Lesser Amberjack,Seriola fasciata,True
81866,Auger Shells,Terebridae,True
1067264,,Terebrinae,True
480704,Cone Snails and Allies,Conoidea,True
459587,Cerulean Sargassum Shrimp,Hippolyte coerulescens,True
324574,,Dicathais,True
324573,Cart-Rut Shell,Dicathais orbita,True
117631,,Psammobiidae,True
373012,Eatoniellid Snails,Eatoniellidae,True
388829,,Eatoniella atropurpurea,True
50586,,Venerida,True
125864,Jewel boxes,Chamidae,True
926626,,Chama asperella,True
59643,Honeycomb Worms,Sabellariidae,True
1044946,,Pollicipedomorpha,True
48787,,Pollicipedidae,True
127581,Purple Laver,Porphyra umbilicalis,True
359922,,Melarhaphe,True
775807,false limpets,Siphonariida,True
86071,False Limpets,Siphonariidae,True
362177,,Ocyropsidae,True
362178,,Ocyropsis,True
362176,,Ocyropsis crystallina,True
245590,,Pterotracheidae,True
246662,Sea Elephants,Pterotrachea,True
254616,,Pterotrachea coronata,True
56947,,Pseudocaranx,True
82720,,Scarites,True
470219,,Scarites cyclops,True
195472,,Hebellidae,True
247144,,Staurodiscus,True
1257764,,Melicertissa,True
1257765,,Melicertissa orientalis,True
549344,,Chelophyes,True
51652,Bell Jellies,Corynidae,True
602918,,Turritopsis rubra,True
4500,,Alca,True
481443,Tonnoid Snails,Tonnoidea,True
330110,Common Sea Skater,Halobates micans,True
245862,,Anoxia,True
245860,,Anoxia australis,True
111535,Undulate Skate,Raja undulata,True
495793,Umbrella Slugs,Umbraculida,True
49892,,Tylodinidae,True
49895,Yellow Umbrella Slugs,Tylodina,True
372859,,Eupantopodida,True
460286,,Doriopsilla rowena,True
483806,White Pill Woodlouse,Armadillidium album,True
48644,,Calliostomatidae,True
123804,,Alariaceae,True
551313,Scallops and Allies,Pectinida,True
353787,,Mimachlamys,True
59392,Wedge Clam,Donax trunculus,True
85503,Ark Shells and Allies,Arcida,True
152260,,Tilopteridales,True
343405,,Phyllariaceae,True
343406,,Saccorhiza,True
50585,,Solen,True
773604,,Carcinidae,True
337541,,Solieriaceae,True
337540,,Sarcodiotheca,True
327099,succulent seaweed,Sarcodiotheca gaudichaudii,True
71119,,Gigartinaceae,True
489404,,Eastonia,True
489403,,Eastonia rugosa,True
85508,,Camarodonta,True
210281,,Parechinidae,True
370685,Otter-shells,Lutraria,True
483137,,Lutraria oblonga,True
200141,,Roperia,True
424077,Poulson's Dwarf Triton,Roperia poulsoni,True
81643,Slippersnails,Calyptraeidae,True
133961,Half-slipper Snails,Crepipatella,True
483003,Fan Mussel,Atrina fragilis,True
796590,,Tritia nitida,True
69999,,Nucella,True
781332,,Geomitridae,True
172086,,Cochlicella,True
336839,Pointed Snail,Cochlicella acuta,True
50331,,Bornellidae,True
50330,,Bornella,True
557103,,Bornella calcarata,True
49523,,Hermodice,True
129950,,Pseudomelatomidae,True
51642,,Polyorchis,True
51640,Red-eye Medusa,Polyorchis penicillatus,True
131379,,Delesseriaceae,True
191401,,Eirenidae,True
247205,,Eutonina,True
152937,,Sabellida,True
117578,,Serpula,True
131207,Red-trumpet Calcareous Tubeworm,Serpula columbiana,True
533539,,Tonicellidae,True
50886,Flame Lined Chiton,Tonicella lokii,True
49502,Cushion Stars and Allies,Oreasteridae,True
50409,,Pentaceraster,True
71268,"Gannets, Cormorants, and Allies",Suliformes,True
47575,,Stylocheilus,True
48654,Lined Seahare,Stylocheilus striatus,True
503297,Porter's Chromodorid,Felimare porterae,True
47468,,Onchidorididae,True
47467,,Acanthodoris,True
47482,Black-tipped Spiny Dorid,Acanthodoris rhodoceras,True
50035,Freckled Ancula,Ancula lentiginosa,True
801476,,Doridina,True
349077,,Cadlinidae,True
47401,Cadlinas,Cadlina,True
50143,Yellow-spotted Cadlina,Cadlina flavomaculata,True
774991,Amphilepididans,Amphilepidida,True
56669,,Amphipholis,True
50205,Dark-spot Cadlina,Cadlina sparsa,True
56676,,Ophiodermatidae,True
293191,Panama Serpent Star,Ophioderma panamense,True
533048,Colorful Aeolid,Anteaeolidiella chromosoma,True
85883,Margin Shells,Marginellidae,True
254872,California Marginella,Volvarina taeniolata,True
39675,Leatherback Sea Turtles,Dermochelyidae,True
39676,,Dermochelys,True
129873,,Kallymeniaceae,True
87929,Eastern Atlantic Temperate Basses,Dicentrarchus,True
47659,,Semibalanus,True
81784,,Diadumenidae,True
81783,Striped Green Sea Anemone,Diadumene lineata,True
62409,,Botryllus,True
48274,,Cionidae,True
48273,,Ciona,True
47627,"Skeleton Shrimp, Whale Lice, and Allies",Caprelloidea,True
605990,,Magallana,True
67416,Sea Palms,Postelsia,True
1267793,Sea Palm,Postelsia palmiformis,True
123650,,Palmariales,True
123648,,Halosaccion,True
123649,Sea Sacks,Halosaccion glandiforme,True
208557,,Oscillatoriales,True
325303,,Phormidiaceae,True
363950,Horse Crab,Atelecyclus undecimdentatus,True
469344,,Flexopecten,True
469342,,Flexopecten glaber,True
86045,,Rhizangiidae,True
86696,,Astrangia,True
363645,,Americorchestia,True
517010,Northern Big-eyed Sandhopper,Americorchestia megalophthalma,True
49061,,Epiactis,True
128126,,Aiptasiidae,True
785633,,Exaiptasia,True
785634,Pale Anemone,Exaiptasia diaphana,True
124518,,Watersiporidae,True
128122,,Inachidae,True
91969,,Scyliorhinus,True
246167,,Mangeliidae,True
482494,,Bela,True
152934,Ctenostomatid Bryozoans,Ctenostomatida,True
203170,,Flustrellidra,True
339204,leather bryozoan,Flustrellidra corniculata,True
117775,Green pin-cushion alga,Cladophora columbiana,True
415207,,Raphitomidae,True
482500,,Raphitoma,True
482501,,Raphitoma purpurea,True
378298,,Talochlamys,True
861601,Humpback Scallop,Talochlamys pusio,True
89563,,Lipophrys,True
90284,,Nerophis,True
482478,,Horaiclavidae,True
482479,,Haedropleura,True
368720,Golden Bristle Worm,Chloeia flava,True
55296,,Grapsus,True
10252,Red-headed Cardinals,Paroaria,True
10257,Yellow-billed Cardinal,Paroaria capitata,True
506581,,Nanomia,True
1098081,,Nanomia cara,True
1303604,,Gaidropsaridae,True
87482,,Ciliata,True
469624,Krohn's Dorid,Felimida krohni,True
149791,Bottletails,Sepiadariidae,True
149985,,Sepioloidea,True
129947,,Fusinus,True
373173,,Struthiolariidae,True
378252,,Struthiolaria,True
128130,Helmet and Bonnet Snails,Cassidae,True
246640,,Semicassis,True
353736,Pear Bonnet Snail,Semicassis pyrum,True
245299,,Mesodesmatidae,True
394305,Southern Tuatua,Paphies donacina,True
375408,,Alcithoe,True
3946,Godwits,Limosa,True
71325,Oystercatchers,Haematopodidae,True
245631,,Olindiidae,True
247152,,Olindias,True
1293354,,Ctenophoricola,True
1293356,,Ctenophoricola rousei,True
256063,,Amphinema dinema,True
47816,,Haloclavidae,True
47815,,Peachia,True
1258415,,Peachia neozealandica,True
11882,Welcome Swallow,Hirundo neoxena,True
424224,Welcome swallow,Hirundo neoxena neoxena,True
12160,Honeyeaters,Meliphagidae,True
12579,,Prosthemadera,True
413522,Tūī,Prosthemadera novaeseelandiae novaeseelandiae,True
415005,,Maurea,True
637013,,Maurea selecta,True
47667,,Spinulosida,True
47666,Echinasterid Sea Stars,Echinasteridae,True
117445,,Echinaster,True
499859,True Whelks and Allies,Buccinoidea,True
465192,,Tenguella,True
949587,Mulberry Whelk,Tenguella marginalba,True
121684,,Tetraclitidae,True
500712,,Tetraclitella,True
326098,,Leptograpsus,True
430536,Green snakelock anemone,Aulactinia veratra,True
346947,Cape Fur Seal,Arctocephalus pusillus pusillus,True
319730,Coarse Dosinia,Dosinia anus,True
1266438,,Cominellidae,True
376983,,Maoricolpus,True
801558,,Ancillariidae,True
375450,,Amalda,True
429557,Blunt-tipped Olive,Amalda mucronata,True
768409,Pagoda Shells,Columbariidae,True
376025,,Coluzea,True
387809,,Coluzea spiralis,True
149782,Amphibolid Snails,Amphibolidae,True
149798,,Amphibola,True
60677,,Amphisbetia,True
522549,Mussel beard,Amphisbetia bispinosa,True
1288814,,Prosiphonidae,True
374378,,Austrofusus,True
379977,,Austrofusus glans,True
51946,,Cladonematidae,True
430061,,Staurocladia,True
1120217,,Staurocladia wellingtoni,True
424302,Spiny Cockle,Acanthocardia aculeata,True
61455,,Loveniidae,True
195326,,Rhabdosoma,True
1159807,,Thalassocalyce,True
245635,,Malagazziidae,True
247145,,Octophialucium,True
1302187,,Octophialucium indicum,True
462137,,Liolophura,True
906276,,Liolophura gaimardi,True
368750,,Palmadusta,True
368749,Little Ass Cowry,Palmadusta asellus,True
369169,,Purpuradusta,True
369168,graceful cowrie,Purpuradusta gracilis,True
246638,Keepsake Helmet Snails,Phalium,True
736002,,Bunodosoma biscayense,True
779518,Latticed Keyhole Limpet,Diodora lineata,True
244648,,Saccostrea,True
907770,,Saccostrea scyphophilla,True
151424,Reaper Cuttlefish,Sepia mestus,True
152808,,Prolecithophora,True
784461,,Plagiostomidae,True
492614,,Vorticeros,True
566526,Banded Ark,Barbatia pistachia,True
353788,,Trichomya,True
353604,Hairy Mussel,Trichomya hirsuta,True
1305113,,Clytia rangiroae,True
124521,,Trivia,True
1111886,,Pyrgiscus,True
551104,Military Turban,Turbo militaris,True
1042213,,Glycymeris holoserica,True
396443,,Scutellastra,True
700789,Chapman's Limpet,Scutellastra chapmani,True
143172,,Lyncina,True
143171,Calf Cowry,Lyncina vitellus,True
55319,,Cymbuliidae,True
55320,,Corolla,True
55318,Spectacular Corolla,Corolla spectabilis,True
346593,,Tesseropora,True
500710,,Tesseropora rosea,True
353984,,Astralium,True
914178,Common Tent Shell,Astralium tentoriiforme,True
62590,,Pteriidae,True
368920,,Amoria,True
369041,Zebra Volute,Amoria zebra,True
86039,Ranellid Triton Snails,Ranellidae,True
91644,,Ranella,True
353738,Australian Triton,Ranella australasia,True
489197,,Sarcothalia,True
483786,,Sargassum sinclairii,True
55945,,Monetaria,True
55743,Cone Snails,Conidae,True
353759,Papilla Cone,Conus papilliferus,True
353603,Sydney Cockle,Anadara trapezia,True
342808,,Hormosiraceae,True
342807,,Hormosira,True
342806,Neptune's necklace,Hormosira banksii,True
85522,,Helioporacea,True
85814,Blue Corals,Helioporidae,True
88774,,Heliopora,True
868392,,Modiolus peronianus,True
471913,Banded Bonnet Snail,Phalium bandatum,True
151438,Mourning Cuttlefish,Sepia plangon,True
494182,,Naxia,True
494185,,Naxia tumida,True
889815,,Lepas indica,True
544467,,Scaeochlamys,True
851959,Livid Fan Scallop,Scaeochlamys livida,True
775269,Shiny Dog Cockle,Glycymeris grayana,True
123384,Smooth-handed Ghost Crab,Ocypode cordimana,True
560581,reddish-rayed abalone,Haliotis coccoradiata,True
416196,,Conuber,True
417983,,Conuber melastoma,True
370655,,Antigona,True
525281,,Antigona persimilis,True
50980,Rainbow Wrasses,Coris,True
368589,Erroneous Cowry,Erronea errones,True
570286,,Austromactra,True
808236,Contrary Mactra,Austromactra contraria,True
386582,,Barbatia novaezealandiae,True
50692,duck-billed limpets,Scutus,True
50691,Elephant Snail,Scutus antipodes,True
501082,Common Warrener,Lunella undulata,True
144101,Pillbox Crabs,Halicarcinus,True
124751,,Megabalanus,True
131211,,Polycitoridae,True
131618,,Eudistoma,True
429283,Australian Droplet Tunicate,Eudistoma elongatum,True
195396,,Agalma,True
52475,Rafting Crabs,Plagusiidae,True
319554,,Guinusia,True
68784,Mud-creeper Snails,Batillariidae,True
416327,,Pyrazus,True
416325,Hercules Club Mud Whelk,Pyrazus ebeninus,True
126265,,Porcellionides,True
130173,,Porcellionides cingendus,True
324542,,Ruditapes,True
1209339,,Bassina jacksonii,True
126978,,Nodilittorina,True
476065,Pyramid Noddiwink,Nodilittorina pyramidalis,True
49808,Bubble Snails,Bullidae,True
386908,Brown bubble shell,Bulla quoyii,True
1124230,,Siphonaria denticulata,True
118723,,Pyuridae,True
623244,Cunjevoi,Pyura praeputialis,True
326093,,Oulactis,True
469328,,Semicassis saburon,True
57817,Bullhead Sharks,Heterodontiformes,True
57818,Bullhead Sharks,Heterodontidae,True
57819,Bullhead Sharks,Heterodontus,True
1268258,,Eupodiscales,True
1269709,,Parodontellaceae,True
984497,,Trieres,True
984494,,Trieres chinensis,True
123863,,Chaetocerotales,True
123864,,Chaetocerotaceae,True
86345,,Allomycterus,True
93673,Australian Burrfish,Allomycterus pilatus,True
775852,,Carditida,True
51983,Carditids,Carditidae,True
820873,,Cardita aviculina,True
358550,Parasitic Anemone,Calliactis parasitica,True
246777,,Poirieria,True
395448,,Poirieria zelandica,True
121752,,Phidoloporidae,True
473800,,Iodictyum,True
515890,Pink lace bryozoan,Iodictyum phoeniceum,True
570284,Elongate wedge shell,Paphies angusta,True
493497,Depressed Olive,Amalda depressa,True
48239,Paxillosidan Sea Stars,Paxillosida,True
49519,Christmas Tree Worms,Spirobranchus,True
370646,,Hemidonacidae,True
370645,,Hemidonax,True
370372,,Hemidonax pictus,True
129865,,Chalinidae,True
56051,Atlantic Sea Pork,Aplidium stellatum,True
81647,,Busycotypus,True
197106,,Durvillaeaceae,True
197105,,Durvillaea,True
120958,,Perna,True
775850,,Lucinida,True
172007,,Lucina,True
1208197,,Lucina adansoni,True
342289,Guinean Puffer,Sphoeroides marmoratus,True
416816,,Bolinopsis,True
995787,,Vulsellidae,True
849774,,Vulsella,True
3816,Little Penguins,Eudyptula,True
472606,North Island Little Penguin,Eudyptula minor iredalei,True
1267990,,Fucophycidae,True
1040842,Thoracican Barnacles,Thoracicalcarea,True
542285,Air-Breathing Limpet,Siphonaria funiculata,True
194974,,Galeolaria,True
861677,,Galeolaria gemineoa,True
529336,,Chrysophrys,True
530886,Australasian Snapper,Chrysophrys auratus,True
516965,Nibblers,Girellidae,True
51359,,Girella,True
88405,,Forsterygion,True
1303764,,Scorpididae,True
91962,,Scorpis,True
197101,Violet Sweep,Scorpis violacea,True
247062,,Coscinasterias,True
85685,Kelpfishes,Chironemidae,True
87429,,Chironemus,True
88366,,Favonigobius,True
502355,Eastern Longfin Goby,Favonigobius lentiginosus,True
353978,,Montfortula,True
353698,Cap-shaped False Limpet,Montfortula rugosa,True
512838,,Davusia,True
512837,Shiny Bait Crab,Davusia glabra,True
85596,Deepwater Boxfishes,Aracanidae,True
86492,Smooth Boxfishes,Anoplocapros,True
94193,Eastern Smooth Boxfish,Anoplocapros inermis,True
852046,,Donax brazieri,True
566644,Southern Flat Oyster,Ostrea angasi,True
623347,,Eumarcia,True
808332,Smoke cockle,Eumarcia fumigata,True
1051154,,Autobranchia,True
196176,,Electridae,True
196178,,Electra,True
1288805,,Callochitonida,True
533543,,Callochitonidae,True
376333,,Eudoxochiton,True
333604,,Leukoma,True
491285,Heavy-ribbed Venus,Leukoma crassicosta,True
447407,Silver Sweep,Scorpis lineolata,True
551729,,Tethyida,True
127234,,Tethyidae,True
127235,Puffball Sponges,Tethya,True
489013,Pink Golf Ball Sponge,Tethya bergquistae,True
551730,,Suberitida,True
117758,,Halichondriidae,True
337978,,Ciocalypta,True
560605,,Ciocalypta polymastia,True
89311,,Lagodon,True
63667,,Poecilosclerida,True
63668,,Microcionidae,True
527680,Commercial Scallop,Pecten fumatus,True
119108,,Amphibalanus,True
50920,,Caulerpaceae,True
353609,Faintly-frilled Venus,Bassina pachyphylla,True
776372,,Leuckartiara hoepplii,True
624150,,Ovatipsa,True
680421,Chinese Cowrie,Ovatipsa chinensis,True
348289,,Globothalamea,True
348290,,Rotaliida,True
1233263,,Elphidium limbatum,True
604050,Scaly Limpet,Scutellastra peronii,True
67418,,Lessoniaceae,True
83550,Kelps,Ecklonia,True
506580,,Nanomia bijuga,True
353785,,Tawera,True
353599,Banded Venerid,Tawera lagopus,True
497148,,Thylacodes,True
566096,,Thylacodes sipho,True
129925,Hoof Snails,Hipponicidae,True
328606,,Antisabia,True
385786,,Antisabia foliacea,True
543386,,Conuber incei,True
793435,Southern Storm-Petrels,Oceanitidae,True
4152,,Pelagodroma,True
91101,,Plagiogeneion,True
130226,,Noctilucales,True
130227,,Noctilucaceae,True
195406,,Hippopodiidae,True
532688,,Hippopodius,True
669555,,Hippopodius hippopus,True
67566,"Pelicans, Herons, Ibises, and Allies",Pelecaniformes,True
50658,Frog Snails,Bursidae,True
88928,,Histrio,True
63663,,Bougainvilliidae,True
367999,Carnelian Cowry,Lyncina carneola,True
1183107,,Gongolaria,True
1267423,,Gongolaria mauritanica,True
143454,,Deidamia,True
58321,soapberry family,Sapindaceae,True
70233,"woodsorrels, quandongs, and allies",Oxalidales,True
47599,agave and allies,Asparagaceae,True
47195,"dogwoods, hydrangeas, and allies",Cornales,True
52469,hydrangea family,Hydrangeaceae,True
47540,staff-vines and allies,Celastrales,True
47539,staff-vine family,Celastraceae,True
154332,,Sandalus,True
154329,Cedar Beetle,Sandalus niger,True
127187,,Securigera,True
64615,liverworts,Marchantiophyta,True
67852,liverworts,Jungermanniopsida,True
55253,,Jungermanniales,True
56468,,Jungermanniaceae,True
164299,,Jungermannia exsertifolia,True
236562,Cordate Flapwort,Jungermannia exsertifolia cordifolia,True
507502,,Faboideae,True
781703,elder family,Viburnaceae,True
61493,,Chrysopilus,True
48533,skunk cabbages,Symplocarpus,True
47853,"beeches, oaks, walnuts, and allies",Fagales,True
153622,Variegated Ground Spider,Sergiolus capulatus,True
49545,pinwheel family,Marasmiaceae,True
54067,pinwheels and parachute mushrooms,Marasmius,True
71275,"mustards, capers, and allies",Brassicales,True
159414,Ethiopian Rape,Brassica carinata,True
791928,scarlet pimpernel,Lysimachia arvensis,True
865017,,Corniculatae,True
64516,"proteas, lotuses, planes, and allies",Proteales,True
49663,plane family,Platanaceae,True
174548,,Celiptera,True
216354,Black Bit Moth,Celiptera frustulum,True
50898,"magnolias, nutmegs, and allies",Magnoliales,True
322828,,Pseudeuophrys,True
360735,Black-palped Jumping Spider,Pseudeuophrys erratica,True
50828,violet family,Violaceae,True
48327,,Lecanorales,True
54321,shield lichens and allies,Parmeliaceae,True
48796,"mallows, rock-roses, and allies",Malvales,True
47363,"gentians, dogbanes, madders, and allies",Gentianales,True
364096,,Chrysoclista,True
364095,Linden Bark Borer Moth,Chrysoclista linneella,True
228447,,Podabrus tricostatus,True
163793,Wall hawkweed,Hieracium murorum,True
1122195,,Bartramiales,True
123641,,Bartramiaceae,True
123640,,Philonotis,True
133809,Fountain Apple-moss,Philonotis fontana,True
49392,,Bryales,True
49393,,Mniaceae,True
122672,,Plagiomnium,True
170914,garden petunia,Petunia × atkinsiana,True
160682,bell-flowered clematis,Clematis campaniflora,True
48700,"carrots, ivies, and allies",Apiales,True
238331,Common Sorrel,Rumex acetosa acetosa,True
80151,yard knotweed,Polygonum aviculare aviculare,True
635761,"Velvet Mites, Chiggers, and Relatives",Trombidia,True
319831,Common Snipe Fly,Rhagio mystaceus,True
56196,,Philaenus,True
69200,Woodlouse Hunter Spiders,Dysderidae,True
69201,,Dysdera,True
711086,meadow hawkweed,Pilosella caespitosa,True
60747,,Smilacaceae,True
155185,Flea Beetles,Alticini,True
67858,,Hypnales,True
123646,,Entodontaceae,True
128029,seductive entodon moss,Entodon seductrix,True
84772,slender yellow woodsorrel,Oxalis dillenii,True
48294,Philosciid Woodlice,Philosciidae,True
47556,yew family,Taxaceae,True
129799,,Platycladus,True
117951,greenshield lichens,Flavoparmelia,True
148365,rock greenshield lichen,Flavoparmelia baltimorensis,True
152550,,Candelariales,True
69475,,Candelariaceae,True
69468,Candleflame Lichens,Candelaria,True
154214,,Blatta,True
273332,,Avenella,True
156127,,Scolochloa,True
345605,,Caprifolioideae,True
59094,deergrass,Muhlenbergia rigens,True
71277,,Buxales,True
50318,boxwood family,Buxaceae,True
83059,great rhododendron,Rhododendron maximum,True
54574,,Schizophyllaceae,True
54575,,Schizophyllum,True
372828,,Caliciales,True
60717,,Physciaceae,True
47692,,Sherardia,True
50881,,Limenitis,True
81924,,Halyomorpha,True
122380,Tailed-Blues,Cupido,True
51120,"water-lilies, fanworts, and allies",Nymphaeales,True
62973,,Anatrytone,True
552962,,Poeae,True
123159,Paperwhite,Narcissus papyraceus,True
39680,Snapping Turtles,Chelydridae,True
39681,Typical Snapping Turtles,Chelydra,True
974712,,Cerrenaceae,True
194479,,Cerrena,True
47754,,Polypodiales,True
56184,marsh fern family,Thelypteridaceae,True
48420,,Pluteaceae,True
60783,Deer Mushrooms,Pluteus,True
491889,Velvet Mites,Trombidioidea,True
47748,horsetails,Equisetales,True
56310,,Psathyrellaceae,True
1179953,,Candolleomyces,True
39806,Box Turtles,Terrapene,True
7105,Wood and Mandarin Ducks,Aix,True
57519,,Hymenochaetales,True
118086,,Porodaedalea,True
48768,,Strophariaceae,True
53283,Roundheads,Stropharia,True
161763,Chinese-pink,Dianthus chinensis,True
1018173,,Syringa komarowii,True
71289,"saxifrages, stonecrops, and allies",Saxifragales,True
63696,wild bleeding-heart,Dicentra eximia,True
39770,Painted Turtles,Chrysemys,True
14842,European and Spotless Starlings,Sturnus,True
48089,Schizophoran Flies,Schizophora,True
59902,,Melissa,True
905,Turkeys,Meleagris,True
43327,Odd-toed Ungulates,Perissodactyla,True
363598,,Myrmentoma,True
40019,Tortoises,Testudinidae,True
40082,Gopher and Desert Tortoises,Gopherus,True
232173,American Horse Fly,Tabanus americanus,True
475433,,Coryphoideae,True
126394,Cannonball Jellies,Stomolophidae,True
39776,Sliders,Trachemys,True
58398,,Trombidium,True
47690,"geraniums, bridal wreaths, and allies",Geraniales,True
41956,Palearctic and African Small Cats,Felis,True
792988,Downy Woodpecker,Dryobates pubescens,True
130871,bloodleaves,Iresine,True
47418,Ground and Ant-mimic Sac Spiders,Corinnidae,True
48134,Ant-mimic Sac Spiders,Castianeira,True
62992,moonseed family,Menispermaceae,True
126766,,Plutellidae,True
709635,Bearded iris,Iris × germanica,True
160059,long-stalked sedge,Carex pedunculata,True
343798,,Crinocheta,True
372740,Higher Ascomycetes,Pezizomycotina,True
53781,"Cannabis, Hackberries, Hops, and Allies",Cannabaceae,True
128078,Gray's sedge,Carex grayi,True
60244,"pepper plants, birthworts, and allies",Piperales,True
125629,Diurnal Fireflies,Ellychnia,True
1097013,,Schizomantodea,True
47131,Gooseberry Family,Grossulariaceae,True
52682,bracken family,Dennstaedtiaceae,True
54698,,Sphagnopsida,True
54700,,Sphagnales,True
54703,,Sphagnaceae,True
50148,Small Pennants,Celithemis,True
66007,Mink Frog,Lithobates septentrionalis,True
51870,,Hygrophoraceae,True
19728,Typical Owls,Strigidae,True
19885,Typical Wood Owls,Strix,True
200958,Ospreys,Pandionidae,True
71725,,Pandion,True
53489,,Suillaceae,True
782231,Painted Suillus,Suillus spraguei,True
43791,Beavers,Castoridae,True
82432,LeConte's Tiger Beetle,Cicindela scutellaris lecontei,True
82453,Big Sand Tiger Beetle,Cicindela formosa,True
18158,Melanerpes Woodpeckers,Melanerpes,True
1264428,,Neogale,True
453110,,Pekania,True
59676,,Pyrrharctia,True
17834,Black Woodpeckers,Dryocopus,True
4,"Cranes, Rails, and Allies",Gruiformes,True
23,Cranes,Gruidae,True
508044,Antigone Cranes,Antigone,True
67563,Grebes,Podicipediformes,True
950583,,Anemonoides,True
950598,wood anemone,Anemonoides quinquefolia,True
10478,,Chondestes,True
5303,Sea-Eagles and Fish-Eagles,Haliaeetus,True
10157,,Seiurus,True
14799,Nuthatches,Sittidae,True
132704,Myrtle Warbler,Setophaga coronata coronata,True
49464,bunchflowers,Melanthiaceae,True
51648,Bead Lilies,Clintonia,True
523723,,Boraginales,True
164444,veiny pea,Lathyrus venosus,True
125819,Dung Beetles,Scarabaeinae,True
327622,,Megalotomus,True
327623,Lupine Bug,Megalotomus quinquespinosus,True
84764,Splendid Earth-boring Beetle,Geotrupes splendidus,True
82455,Eastern Sand Tiger Beetle,Cicindela formosa generosa,True
61639,,Proctacanthus,True
83941,,Graphisurus,True
71355,Gnatcatchers and Gnatwrens,Polioptilidae,True
7490,Gnatcatchers,Polioptila,True
55407,Whitefaces,Leucorrhinia,True
9804,Blue-winged and Golden-winged Warblers,Vermivora,True
9807,Golden-winged Warbler,Vermivora chrysoptera,True
71577,lotus family,Nelumbonaceae,True
3929,Woodcocks,Scolopax,True
198812,Northern Pearly-eye,Lethe anthedon,True
47935,Giant Ichneumonid Wasps,Megarhyssa,True
47941,Black Giant Ichneumonid Wasp,Megarhyssa atrata,True
48513,,Dasymutilla,True
122639,,Dasymutilla bioculata,True
314114,,Megachilinae,True
10223,North American Buntings,Passerina,True
113519,White-faced Meadowhawk,Sympetrum obtrusum,True
792990,Hairy Woodpecker,Dryobates villosus,True
10285,,Mniotilta,True
7542,Troglodytes Wrens,Troglodytes,True
47013,,Scalopus,True
49360,Net-winged Beetles,Lycidae,True
84614,,Calopteron,True
895657,,Laetiporaceae,True
474209,,Spizelloides,True
180354,Kinglets,Regulidae,True
55502,,Stereaceae,True
55496,false turkey-tail,Stereum ostrea,True
558404,Shovelers and Allies,Spatula,True
117943,common greenshield lichen,Flavoparmelia caperata,True
26720,Mole Salamanders,Ambystomatidae,True
47623,lycophytes,Lycopodiopsida,True
47622,clubmosses and firmosses,Lycopodiales,True
47621,clubmosses,Lycopodiaceae,True
741014,round-lobed hepatica,Hepatica americana,True
83800,,Mitchella,True
332901,,Osmundales,True
63059,Royal fern family,Osmundaceae,True
67773,Bellworts and allies,Colchicaceae,True
67774,bellworts,Uvularia,True
82392,Ground cedars,Diphasiastrum,True
122100,fan clubmoss,Diphasiastrum digitatum,True
153351,large-flowered beardtongue,Penstemon grandiflorus,True
342169,American Barn Swallow,Hirundo rustica erythrogaster,True
63817,,Alypia,True
133806,"Pond Snails, Bladder Snails, and Allies",Lymnaeoidea,True
52156,Dog Ticks,Dermacentor,True
224156,,Lucanus placidus,True
177203,American Rose Chafers,Macrodactylus,True
47194,Dogwood family,Cornaceae,True
52944,,Trichodezia,True
60750,bottlebrush sedge,Carex hystericina,True
163790,hairy hawkweed,Hieracium longipilum,True
64686,sensitive ferns and allies,Onocleaceae,True
63058,interrupted fern,Osmunda claytoniana,True
204174,starflower,Lysimachia borealis,True
161798,Heller's Rosette Grass,Dichanthelium oligosanthes,True
240305,Scribner's Panicgrass,Dichanthelium oligosanthes scribnerianum,True
1068235,rockcresses,Boechera,True
77917,Tufted Loosestrife,Lysimachia thyrsiflora,True
1002684,American Royal Fern,Osmunda spectabilis,True
55712,Corporals,Ladona,True
133055,,Maevia,True
58607,,Megisto,True
332389,Horse Flies,Tabaninae,True
129135,Spring Field Cricket,Gryllus veletis,True
61487,,Phalangium,True
47882,,Pyractomena,True
1094690,,Parmelioideae,True
53256,Horntails,Siricidae,True
157661,,Hesperostipa,True
163706,porcupine needlegrass,Hesperostipa spartea,True
127462,,Idia,True
893796,,Dielis,True
179975,Lined Ground Squirrels,Ictidomys,True
84039,,Haploa,True
220910,Neighbor Moth,Haploa contigua,True
420268,,Attulus,True
176701,Smooth-legged Tree Crickets,Neoxabea,True
147372,,Naphrys,True
47212,,Paonias,True
221969,Mottled Snout,Hypena palparia,True
974663,Northern Cinnabar Polypore,Trametes cinnabarina,True
1623,Cuckoos,Cuculiformes,True
1627,Cuckoos,Cuculidae,True
48495,,Pleurotaceae,True
69717,Common Dewberry,Rubus flagellaris,True
81678,,Euchaetes,True
252996,,Acraspis,True
764604,,Acraspis villosa,True
84287,,Diapheromera,True
50914,,Hyalophora,True
199957,Light Cahills,Stenacron,True
121968,big bluestem,Andropogon gerardi,True
204140,Cinnamon ferns,Osmundastrum,True
125716,Chicken Fat Mushroom,Suillus americanus,True
118249,amanita mushrooms and allies,Amanitaceae,True
125390,Eastern North American Destroying Angel,Amanita bisporigera,True
47394,field mushrooms and allies,Agaricaceae,True
119985,,Leucoagaricus,True
179125,White Dapperling,Leucoagaricus leucothites,True
55293,,Gymnopus,True
130915,Oak-loving Gymnopus,Gymnopus dryophilus,True
55928,,Sclerodermataceae,True
55929,earthballs,Scleroderma,True
55927,common earthball,Scleroderma citrinum,True
846321,Cattle and Bison,Bovini,True
125722,stiff goldenrod,Solidago rigida humilis,True
130456,Cylindrical Thimbleweed,Anemone cylindrica,True
76025,bristly sedge,Carex comosa,True
153296,Purple-Spored Puffball,Calvatia cyathiformis,True
48775,,Astraeaceae,True
48774,Barometer Earthstars,Astraeus,True
55271,Hygroscopic Earthstar,Astraeus hygrometricus,True
130953,rattlesnakeroots,Nabalus,True
130950,white rattlesnakeroot,Nabalus albus,True
57527,,Inonotus,True
71272,hollies and allies,Aquifoliales,True
785240,,Polytrichopsida,True
1122192,,Polytrichales,True
55333,haircap mosses and allies,Polytrichaceae,True
351075,,Hydnangiaceae,True
54895,laccarias,Laccaria,True
63236,deceiver,Laccaria laccata,True
47753,shieldfern family,Dryopteridaceae,True
55974,bracket polypores,Fomitopsidaceae,True
130931,,Ischnoderma,True
118165,,Rhodocollybia,True
118166,Buttery Collybia,Rhodocollybia butyracea,True
153546,Openfield Orbweaver,Araneus pratensis,True
144029,northern pin oak,Quercus ellipsoidalis,True
972792,,Apioperdon,True
328266,,Fuscoporia,True
896124,Mustard Yellow Polypore,Fuscoporia gilva,True
85318,,Eurosta,True
51674,,Ixodes,True
60598,Eastern Black-legged Tick,Ixodes scapularis,True
72104,,Drymocallis,True
204304,Tall Cinquefoil,Drymocallis arguta,True
501654,Tall Cinquefoil,Drymocallis arguta arguta,True
155090,Star Rosette Lichen,Physcia stellaris,True
1264427,American Stoat,Mustela richardsonii,True
71281,,Cucurbitales,True
48621,,Echinocystis,True
238999,Smooth White Violet,Viola macloskeyi pallens,True
50815,,Auriculariales,True
50816,,Auriculariaceae,True
152032,Operculate Ascomycetes,Pezizomycetes,True
48717,,Pezizales,True
57371,,Sarcosomataceae,True
58713,,Urnula,True
58709,devil's urn,Urnula craterium,True
49489,spindles and structured lichens,Cladoniaceae,True
125632,Star-tipped Reindeer Lichen,Cladonia stellaris,True
126369,tall thimbleweed,Anemone virginiana,True
119778,gray reindeer lichen,Cladonia rangiferina,True
52105,Mitreworts,Mitella,True
144149,naked bishop's cap,Mitella nuda,True
67877,,Dicranales,True
1032312,,Leucobryaceae,True
122659,Leucobryum mosses,Leucobryum,True
71051,,Hylocomiaceae,True
122556,,Hylocomium,True
141535,Woodsy Thyme-moss,Plagiomnium cuspidatum,True
775410,birch polypore,Fomitopsis betulina,True
55569,,Exidia,True
964622,,Irpicaceae,True
130927,,Irpex,True
67889,,Funariales,True
67890,,Funariaceae,True
67886,,Funaria,True
120000,Bonfire moss,Funaria hygrometrica,True
401055,Richards toetoe,Austroderia richardii,True
69211,Speckled Shield Lichens,Punctelia,True
50313,Stringbarks,Thymelaeaceae,True
50314,,Dirca,True
51045,Bloodroots,Sanguinaria,True
7448,Treecreepers,Certhiidae,True
633458,Carex sect. Hymenochlaenae,Hymenochlaenae,True
154217,Longbract Spiderwort,Tradescantia bracteata,True
51937,Sundew Family,Droseraceae,True
62369,bogbean family,Menyanthaceae,True
72235,,Menyanthes,True
60461,,Calla,True
130676,big red stem moss,Pleurozium,True
362486,,Zelia,True
480795,,Zelia vertebrata,True
100218,Spiny Baskettail,Epitheca spinigera,True
69967,,Pucciniomycetes,True
204163,Swamp Saxifrage,Micranthes pensylvanica,True
56185,maiden ferns,Thelypteris,True
82569,marsh fern,Thelypteris palustris,True
82575,,Matteuccia,True
169013,prairie blue-eyed grass,Sisyrinchium campestre,True
144410,Siskins and New World Goldfinches,Spinus,True
165815,Fourpoint Evening Primrose,Oenothera rhombipetala,True
332930,Ladyferns and allies,Athyriaceae,True
204143,northern lady fern,Athyrium angustum,True
52889,,Brachynemurus,True
203450,,Brachynemurus abdominalis,True
82516,Sun Moths,Heliodinidae,True
82517,,Neoheliodines,True
82518,,Neoheliodines cliffordi,True
55523,,Leotiomycetes,True
49073,,Helotiales,True
791904,,Cenangiaceae,True
325891,,Chlorencoelia,True
381635,,Chlorencoelia torta,True
47685,slime molds,Mycetozoa,True
56259,,Trichiales,True
56276,,Trichiaceae,True
126278,,Metatrichia,True
496175,,Neofavolus,True
24253,Chorus Frogs,Pseudacris,True
117868,,Eurotiomycetes,True
127378,,Mycocaliciales,True
174981,,Sphinctrinaceae,True
127380,,Phaeocalicium,True
1037957,,Sareomycetes,True
1037958,,Sareales,True
1225574,,Zythiaceae,True
375323,,Zythia,True
1225577,,Zythia resinae,True
1038653,,Hydnoporia,True
1038656,brown-toothed crust fungus,Hydnoporia olivacea,True
55574,,Inocybaceae,True
58679,Fiber Caps,Inocybe,True
175145,,Sarea,True
118024,,Dermateaceae,True
375023,,Pezicula,True
55524,Powdery Mildews,Erysiphales,True
53539,,Sordariomycetes,True
124205,,Boliniales,True
124206,,Boliniaceae,True
211028,,Camarops,True
143332,,Anthrax albofasciatus,True
785517,,Agaricineae,True
55484,,Physarales,True
55485,,Physaraceae,True
68858,,Physarum,True
372751,,Geoglossomycetes,True
372831,,Geoglossales,True
55238,,Geoglossaceae,True
123258,Earth Tongues,Geoglossum,True
416512,,Hymenogastraceae,True
118297,Moss Bells,Galerina,True
48705,,Cortinariaceae,True
48704,Webcaps,Cortinarius,True
179173,Bog Bell,Galerina paludosa,True
53815,,Bolitotherus,True
125609,Chytrids,Chytridiomycota,True
794008,,Synchytriomycetes,True
794009,,Synchytriales,True
416452,,Synchytriaceae,True
375235,,Synchytrium,True
703763,,Synchytrium decipiens,True
151767,rough speckled shield lichen,Punctelia rudecta,True
118204,,Tapinellaceae,True
118205,,Tapinella,True
84768,,Pucciniaceae,True
742778,,Geoglossum simile,True
48718,,Pyronemataceae,True
53839,,Stemonitales,True
53840,,Stemonitidaceae,True
53841,Chocolate Tube Slimes,Stemonitis,True
48805,,Xylariales,True
352307,,Diatrypaceae,True
118046,,Meruliaceae,True
199962,,Climacodon,True
350365,,Climacodon pulcherrimus,True
145570,Acorn Plum Gall Wasp,Amphibolips quercusjuglans,True
538900,,Pyrobombus,True
55245,Scarlet Waxy Cap,Hygrocybe coccinea,True
55931,,Physalacriaceae,True
129358,Round-headed Katydids,Amblycorypha,True
1159235,,Grifolaceae,True
53716,,Grifola,True
522625,,Tharsalea,True
1204118,,Kokkocynips,True
1204152,oak wheat gall,Kokkocynips decidua,True
635987,Endeostigmatan Mites,Endeostigmata,True
55584,Gall and Rust Mites,Eriophyidae,True
61289,,Micrathena,True
120440,White Micrathena,Micrathena mitrata,True
52028,Burnet Moths,Zygaenidae,True
126906,,Harrisina,True
785331,,Diprioninae,True
181927,thicket creeper,Parthenocissus inserta,True
117956,,Ostropales,True
117991,Script Lichens and Allies,Graphidaceae,True
117992,Graffiti Lichens,Graphis,True
125713,,Strobilomyces,True
352462,Old-man-of-the-woods,Strobilomyces strobilaceus,True
222566,,Laccophilus maculosus,True
229441,Eastern speckled shield lichen,Punctelia bolliana,True
126268,,Coleomegilla,True
55490,Spotless Lady Beetles,Cycloneda,True
167753,Prairie Buttercup,Ranunculus rhomboideus,True
48016,,Arabidopsis,True
119826,lyre-leaved rock cress,Arabidopsis lyrata,True
82156,Phantom Crane Flies,Ptychopteridae,True
82157,,Bittacomorpha,True
563819,Acute Bladder Snail,Physa acuta,True
127366,,Menecles,True
127365,Elf Shoe Stink Bug,Menecles insertus,True
146634,,Trichordestra,True
57325,Sclerosomatid Harvestmen,Sclerosomatidae,True
448021,,Pseudogagrella,True
1303946,,Pseudogagrella splendens,True
176601,,Odontocorynus,True
268682,,Odontocorynus salebrosus,True
151795,Peeling Puffball,Lycoperdon marginatum,True
227083,Chestnut-marked Pondweed Moth,Parapoynx badiusalis,True
49478,,Monotropa,True
71006,Ancestral and Modern Pelecinid Wasps,Pelecinidae,True
70995,Pelecinid Wasps,Pelecinus,True
70997,American Pelecinid Wasp,Pelecinus polyturator,True
132158,,Derbidae,True
322175,,Cedusa,True
123037,Waves and Mochas,Sterrhinae,True
71408,fanwort family,Cabombaceae,True
72020,,Brasenia,True
118147,Onion Earthball,Scleroderma cepa,True
47322,broomrape family,Orobanchaceae,True
78078,White Four o'Clock,Mirabilis albida,True
55154,,Gomphales,True
48710,,Gomphaceae,True
48707,Coral Fungi,Ramaria,True
57860,bladderwort family,Lentibulariaceae,True
57859,intermediate bladderwort,Utricularia intermedia,True
152593,,Sebacinales,True
323023,,Sebacinaceae,True
328325,,Sebacina,True
736008,jellied false coral fungus,Sebacina schweinitzii,True
143252,New York Carpenter Ant,Camponotus novaeboracensis,True
53277,,Dacrymycetes,True
53278,,Dacrymycetales,True
53279,,Dacrymycetaceae,True
143314,,Dacryopinax,True
163234,downy gentian,Gentiana puberulenta,True
130371,sky blue aster,Symphyotrichum oolentangiense,True
120356,tawny cotton-grass,Eriophorum virginicum,True
1151238,,Gymnosporangiaceae,True
53039,Rose Pogonia,Pogonia ophioglossoides,True
199978,,Dendrolycopodium,True
179786,sharp-lobed hepatica,Hepatica acutiloba,True
55955,,Disholcaspis,True
146964,Oak Rough Bulletgall Wasp,Disholcaspis quercusmamma,True
199979,prickly tree-clubmoss,Dendrolycopodium dendroideum,True
58528,Dappled Whites,Euchloe,True
39773,Western Painted Turtle,Chrysemys picta bellii,True
52901,,Caenurgina,True
1235357,,Lycosinae,True
200925,rosette lichen,Physcia millegrana,True
119556,Yellows and Sulphurs,Coliadinae,True
173579,,Epelis,True
160104,dry land sedge,Carex siccata,True
56777,,Glaucopsyche,True
78713,white-stemmed pondweed,Potamogeton praelongus,True
61885,,Moehringia,True
123176,,Evernia,True
322170,,Sericini,True
82097,common cinquefoil,Potentilla simplex,True
873509,,Cyperoideae,True
63870,smooth horsetail,Equisetum laevigatum,True
242219,Virginia Ground-cherry,Physalis virginiana virginiana,True
62007,Signal Flies,Platystomatidae,True
235570,Prairie Larkspur,Delphinium carolinianum virescens,True
142626,Small Sundrops,Oenothera perennis,True
50718,rattlesnake plantains,Goodyera,True
161460,Great Plains Flatsedge,Cyperus lupulinus,True
217136,Rosette Pixie-cup Lichen,Cladonia pocillum,True
67859,,Brachytheciaceae,True
117958,Crater Lichens,Diploschistes,True
124441,Cowpie Lichen,Diploschistes muscorum,True
487301,White-Pored Chicken of the Woods,Laetiporus cincinnatus,True
82230,,Renia,True
161489,Schweinitz's flatsedge,Cyperus schweinitzii,True
603530,,Gyponini,True
67761,,Popillia,True
204254,Marsh Tickseed,Bidens trichosperma,True
63027,Tawny Grisette,Amanita fulva,True
120180,Whitetops,Doellingeria,True
177394,,Lintneria,True
79192,prairie woundwort,Stachys pilosa,True
71416,Carpetweed Family,Molluginaceae,True
72241,Carpetweeds,Mollugo,True
84664,Four-spotted-frons Cutworm Moths,Euxoa,True
382517,horsehair fungus,Gymnopus androsaceus,True
541370,,Rickenellaceae,True
471430,,Contumyces,True
487557,rosy navel,Contumyces rosellus,True
118154,,Xerocomus,True
485374,Suede Bolete,Xerocomus subtomentosus,True
130810,late purple aster,Symphyotrichum patens,True
335466,Brain puffball,Calvatia craniiformis,True
510855,,Imleria,True
1040179,pallid bolete,Imleria pallida,True
127328,Wireweeds,Polygonella,True
154563,Coastal jointweed,Polygonella articulata,True
72105,,Dulichium,True
76745,Three-way Sedge,Dulichium arundinaceum,True
848317,Therians,Theria,True
194659,Vermilion Waxcap,Hygrocybe miniata,True
1155395,,Clitocybaceae,True
122634,Burrow-living Wolf Spiders,Hogna,True
7595,Marsh Wrens and Allies,Cistothorus,True
68301,,Cyathus,True
120037,dung-loving bird's nest fungus,Cyathus stercoreus,True
47166,,Entolomataceae,True
47165,Pinkgills,Entoloma,True
70222,Aborted entoloma,Entoloma abortivum,True
712842,,Nezarini,True
48712,,Peltigerales,True
54295,,Peltigeraceae,True
49488,Mealy Pixie Cup,Cladonia chlorophaea,True
172541,,Metaltella,True
64123,,Malosma,True
78266,Coastal Pricklypear,Opuntia littoralis,True
57982,,Hazardia,True
53408,,Heteromeles,True
431630,Ethiopian eggplant,Solanum aethiopicum,True
79638,Chaparral Coyote Brush,Baccharis pilularis consanguinea,True
79213,silver rock-lettuce,Stephanomeria cichoriacea,True
56744,,Keckiella,True
14587,Typical Bulbuls,Pycnonotus,True
53044,,Epilobium canum canum,True
58363,,Hesperoyucca,True
67573,"Nightjars, Swifts, Hummingbirds, and Allies",Caprimulgiformes,True
60246,lizard's tail family,Saururaceae,True
60247,,Anemopsis,True
60241,yerba mansa,Anemopsis californica,True
502580,,Boettcheria,True
922289,,Boettcheria bisetosa,True
13629,Titmice,Baeolophus,True
87634,,Cornu,True
335750,,Dioxyna,True
5002,Small Bitterns,Ixobrychus,True
128568,Southern Flatcoil,Polygyra cereolus,True
56536,,Chlorophyllum,True
117308,green-spored parasol,Chlorophyllum molybdites,True
371963,Coast Mountain Kingsnake,Lampropeltis multifasciata,True
518889,saltbush subfamily,Chenopodioideae,True
201455,American Coral Tree,Erythrina americana,True
72068,Eurasian Larkspurs,Consolida,True
82178,,Hermetia,True
808367,,Cheiracanthiidae,True
176546,,Olla,True
47896,Chaparral Pricklypear,Opuntia oricola,True
340761,,Exomalopsini,True
6315,Anna's and Costa's Hummingbirds,Calypte,True
121053,Whipsnakes,Masticophis,True
604857,,Elampini,True
48708,stinkhorns and allies,Phallales,True
51136,stinkhorns,Phallaceae,True
71322,Waxbills and Allies,Estrildidae,True
210928,,Bembicinae,True
57909,Flatspine Bursage,Ambrosia acanthicarpa,True
58134,,Cressa,True
19608,,Phalaenoptilus,True
57010,rock-rose family,Cistaceae,True
7264,Long-tailed Tits,Aegithalidae,True
7265,,Psaltriparus,True
18874,Parrots,Psittaciformes,True
7118,Muscovy Ducks,Cairina,True
248077,,Brachylinga,True
199910,American Rosefinches,Haemorhous,True
367708,Silky-flycatchers,Ptiliogonatidae,True
3996,,Phainopepla,True
333796,Black-spotted Lady Beetles,Coccinellini,True
7129,African and Mascarene Sheldgeese,Alopochen,True
119779,,Neurocolpus,True
936827,,Gerrini,True
56315,,Coprinellus,True
947427,Coprinellus sect. Micacei,Micacei,True
199595,Ensign Wasps,Evaniidae,True
250306,,Evania,True
4979,Nycticorax Night-Herons,Nycticorax,True
70020,water primrose,Ludwigia hexapetala,True
197808,Western Chipmunks,Neotamias,True
71361,Stilts and Avocets,Recurvirostridae,True
4831,Typical Stilts,Himantopus,True
52072,,Siphanta,True
11969,Rough-winged Swallows,Stelgidopteryx,True
75943,Plummer's Mariposa Lily,Calochortus plummerae,True
631924,,Halyziini,True
64224,broadhead planarians,Bipalium,True
264380,,Habronattus pyrrithrix,True
127670,,Jadera,True
133208,,Liorhyssus,True
72284,,Peritoma,True
76964,Santa Cruz Island wild buckwheat,Eriogonum arborescens,True
1181092,,Battarreaceae,True
119970,,Battarrea,True
119969,Sandy Stilt-puffball,Battarrea phalloides,True
145460,,Harmostes,True
319250,,Harmostes angustatus,True
70279,Yellowwood family,Podocarpaceae,True
132930,real yellowwood,Podocarpus latifolius,True
63619,,Lyonothamnus,True
63620,ironwood,Lyonothamnus floribundus,True
38672,Coastal Whiptail,Aspidoscelis tigris stejnegeri,True
143192,,Homalodisca,True
466233,Seed Bugs and Allies,Lygaeoidea,True
68944,,Camponotus clarithorax,True
373470,Malachite Beetles,Malachiinae,True
271716,Rhus Fairy Bee,Perdita rhois,True
202610,,Aphoebantus,True
117397,Leaf-beetle Jumping Spiders,Sassacus,True
69745,,Chrysanthrax,True
259620,,Chrysanthrax vanus,True
503069,,Aphoebantus interruptus,True
205719,,Anthracinae,True
244996,Carrot Wasps,Gasteruptiidae,True
517602,,Panaphidina,True
36100,Western Side-blotched Lizard,Uta stansburiana elegans,True
161253,Tuckeroo,Cupaniopsis anacardioides,True
152979,Subterranean Dart,Feltia subterranea,True
1278,New World Quails,Odontophoridae,True
320552,,Hesperiini,True
792987,Nuttall's Woodpecker,Dryobates nuttallii,True
48434,Chain Fern Family,Blechnaceae,True
446744,Rasp fern,Blechnum parrisiae,True
1251448,,Ageleninae,True
77114,caper spurge,Euphorbia lathyris,True
55982,Nippleworts,Lapsana,True
16446,,Pyrocephalus,True
181681,Red Tip Photinia,Photinia × fraseri,True
51609,arum lilies,Arum,True
120594,Western Wood Cockroach,Parcoblatta americana,True
123032,Carpet Moths,Larentiinae,True
244394,Odorous Ants,Dolichoderinae,True
56836,,Oligotomidae,True
244847,,Xylotrechus nauticus,True
7073,Typical Stifftails,Oxyura,True
2926,Turtle-Doves and Collared-Doves,Streptopelia,True
48300,Typical Silverfishes,Lepismatidae,True
59777,Amberwings,Perithemis,True
83412,Sacken's Velvet Ant,Dasymutilla sackenii,True
359910,,Staphylinini,True
121478,,Erythraeidae,True
905970,,Calliphora latifrons,True
245158,,Anisolabididae,True
196421,,Euborellia,True
131008,,Calathus,True
639819,,Empidigeron,True
320572,,Gambelia,True
474464,,Tegulidae,True
339431,,Callidiini,True
121822,Black Mud-dauber Wasps,Sceliphron,True
739108,,Aleurodicinae,True
83712,Smut fungi,Ustilaginomycetes,True
51308,Flax Family,Linaceae,True
76588,Umbrella papyrus,Cyperus involucratus,True
202092,Cochineal Insects,Dactylopiidae,True
55472,,Bolbitiaceae,True
117228,Conecaps,Conocybe,True
123033,,Ennominae,True
509352,,Chloridea,True
59775,,Pachydiplax,True
451872,,Lytta crotchii,True
85399,,Leucocoprinus,True
84335,,Aceria,True
47734,Flat-backed Millipedes,Polydesmida,True
132949,,Paradoxosomatidae,True
143392,,Oxidus,True
32409,North American Legless Lizards,Anniella,True
154753,,Hohenbuehelia,True
249592,,Aculus,True
76369,Botta's clarkia,Clarkia bottae,True
62046,,Lygaeus,True
209840,,Saxinis,True
124020,Flower Moths,Scythrididae,True
173868,,Digrammia,True
218443,Pale-lined Angle,Digrammia irrorata,True
16074,Pewees,Contopus,True
19170,Aratinga Parakeets,Aratinga,True
183203,,Ctenolepisma,True
296177,Four-lined Silverfish,Ctenolepisma lineata,True
75254,vanilla-scented wattle,Acacia redolens,True
173580,,Ephestiodes,True
347605,,Melolonthini,True
148095,,Taylorilygus,True
424044,Yellow-collared Masked Bee,Hylaeus euxanthus,True
41737,,Zalophus,True
460700,,Brassicogethes,True
203102,Swan plant flower moth,Glyphodes onychinalis,True
165876,Cochineal Nopal Cactus,Opuntia cochenillifera,True
126592,,Lysurus,True
208065,lantern stinkhorn,Lysurus mokusin,True
81955,,Scyphophorus,True
269419,Sisal Weevil,Scyphophorus acupunctatus,True
206295,Mouse Spider,Scotophaeus blackwalli,True
461443,Bristletails,Archaeognatha,True
245396,Rock Bristletails,Meinertellidae,True
860115,,Malvoideae,True
52328,Red amaranth,Amaranthus cruentus,True
48808,"laurels, spicebushes, and allies",Laurales,True
48810,,Umbellularia,True
322102,,Gymnoclytia,True
1064647,Blue-green Sharpshooter,Graphocephala atropunctata,True
451128,,Thaumatomyia rubida,True
337429,,Stratiomyinae,True
52806,Tussockgrasses,Nassella,True
165660,Mexican feathergrass,Nassella tenuissima,True
251390,,Stator,True
520011,,Pipizini,True
155296,,Lactista,True
155291,trailside grasshopper,Lactista gibbosus,True
85925,Pygmy Eye-capped Moths,Nepticulidae,True
60787,,Corythucha,True
334180,Arroyo Willow Stem Sawfly,Euura lasiolepis,True
249673,,Shelfordella,True
249675,Turkestan Cockroach,Shelfordella lateralis,True
47598,soap plants,Chlorogalum,True
144326,Hydroprogne Terns,Hydroprogne,True
68491,Indigobirds and Whydahs,Viduidae,True
14008,Indigobirds and Whydahs,Vidua,True
4998,Nyctanassa Night-Herons,Nyctanassa,True
55357,"Rock Lice, Sea Slaters, and Allies",Ligiidae,True
117674,Western Sea Slater,Ligia occidentalis,True
466643,,Tipulinae,True
345466,,Polycaon,True
59575,Humboldt's Lily,Lilium humboldtii,True
59579,ocellated Humboldt lily,Lilium humboldtii ocellatum,True
551396,,Fissurelloidea,True
236942,American Great Egret,Ardea alba egretta,True
153331,,Bagrada,True
85406,,Triozidae,True
68214,,Boykinia,True
75863,Roundleafed Brookfoam,Boykinia rotundifolia,True
701582,purple-stemmed monkeyflower,Erythranthe floribunda,True
15255,,Chamaea,True
362840,Black Webspinner,Oligotoma nigra,True
47593,Darkling Beetles and Allies,Tenebrionoidea,True
85897,,Milacidae,True
171916,,Milax,True
72354,Karees,Searsia,True
60433,,Nephrotoma wulpiana,True
481480,,Protopulvinaria,True
481481,Pyriform Scale,Protopulvinaria pyriformis,True
888159,,Lauritrioza,True
372739,Hexapods,Hexapoda,True
52984,Bordered Plant Bugs,Largidae,True
52985,,Largus,True
63049,,Nuttallina,True
63048,California Spiny Chiton,Nuttallina californica,True
64287,Fingered Limpet,Lottia digitalis,True
72305,,Plecostachys,True
78625,petite-licorice,Plecostachys serpyllifolia,True
200054,Matted Sandmat,Euphorbia serpens,True
801569,,Flabellinopsidae,True
194801,,Flabellinopsis,True
194495,Spanish Shawl,Flabellinopsis iodinea,True
26574,,Diadophis,True
172351,,Phanias,True
210333,,Scaptomyza,True
209428,,Microphotus,True
320484,California Pink Glowworm,Microphotus angustus,True
3755,Plegadis Ibises,Plegadis,True
68539,desert marigolds,Baileya,True
5273,Elanus Kites,Elanus,True
709237,,Blattinae,True
176223,,Osbornellus,True
364025,,Osbornellus scalaris,True
81948,True Puffballs,Bovista,True
464556,,Dolichandra,True
53842,Pygmy-Blues,Brephidium,True
61136,Ericaceous Gall Aphids,Tamalia,True
75267,silver bird's-foot trefoil,Acmispon argophyllus,True
464228,,Anisoscelini,True
447973,Micro Bee Flies,Mythicomyiidae,True
335728,,Mythicomyia,True
415201,,Tiphiinae,True
475870,,Nausigaster,True
478168,Single-spotted Dimpleback,Nausigaster unimaculata,True
51144,,Podagrica,True
552014,,Haltichellinae,True
59196,,Lerodea,True
196450,,Incisitermes,True
296456,Western Drywood Termite,Incisitermes minor,True
115979,Skilton's Skink,Plestiodon skiltonianus skiltonianus,True
209807,Western Lynx Spider,Oxyopes scalaris,True
428253,Giant Scale Insects,Monophlebidae,True
792216,Foemina Pimpernel,Lysimachia foemina,True
126918,,Eurotatoria,True
919546,,Philodinida,True
245619,,Philodinidae,True
208350,,Chroococcales,True
208558,,Oscillatoriaceae,True
142256,euglenoids,Euglenozoa,True
84094,,Chlorochroa,True
555967,,Leptuca,True
322139,,Lopidea,True
346260,,Agrilus blandus,True
60970,,Jaumea,True
492141,,Melanthaxia,True
346287,,Acmaeodera angelica,True
54755,,Teloschistales,True
177312,,Litoprosopus,True
143902,,Steniolia,True
143898,,Steniolia duplicata,True
317568,,Dipogon calipterus,True
147362,,Texananus,True
67421,,Egregia,True
1117857,Chilean pepper tree,Schinus polygama,True
790479,,Eleodes acuticauda,True
250176,,Metaphycus,True
59122,,Pontia,True
460780,,Malachiini,True
370927,,Loedelia,True
370926,,Loedelia maculicollis,True
465612,,Osmiini,True
49150,Gulf Fritillary,Dione vanillae,True
84426,California Anglewing,Microcentrum californicum,True
53535,,Herpyllus,True
221218,Western Parson Spider,Herpyllus propinquus,True
56755,,Murgantia,True
247241,,Philodina,True
715836,needlegrasses and allies,Stipeae,True
892833,,Pyraustini,True
374622,Parachutes,Collybiopsis,True
1275363,,Collybiopsis subpruinosa,True
155018,,Thevenetimyia,True
84745,,Sairocarpus,True
6545,Aeronautes Swifts,Aeronautes,True
56993,,Lobularia,True
47591,,Phloeodes,True
47590,Diabolical Ironclad Beetle,Phloeodes diabolicus,True
173878,,Dicymolomia,True
713284,Pit-trapping Antlions,Myrmeleontini,True
122426,,Erebinae,True
246770,,Mexacanthina,True
292590,Dark Unicorn,Mexacanthina lugubris,True
508722,Dragon tree subfamily,Nolinoideae,True
912119,,Adinetida,True
907581,,Adinetidae,True
907148,,Adineta,True
153954,Red-crescent marigold,Tagetes lunulata,True
135361,Natal Swamplily,Crinum moorei,True
155267,,Leprus,True
164323,Mexican Honeysuckle,Justicia spicigera,True
127909,,Phlebodium,True
166677,false golden polypody,Phlebodium pseudoaureum,True
55593,Gall Wasps and Allies,Cynipoidea,True
117237,,Poecilanthrax,True
248120,,Paracosmus,True
467559,,Paracosmus edwardsii,True
250739,,Psorthaspis,True
265673,,Psorthaspis planata,True
60878,chaparral honeysuckle,Lonicera interrupta,True
68616,,Hildenbrandiales,True
68617,,Hildenbrandiaceae,True
68615,encrusting red algae,Hildenbrandia,True
56710,,Norrisia,True
67329,,Pholcus,True
71003,,Diplolepis,True
57200,,Polypogon,True
64144,water beard grass,Polypogon viridis,True
465915,,Pangoniinae,True
126764,,Udea,True
961001,eupolypods I,Polypodiineae,True
176584,,Okanagana vanduzeei,True
71788,,Actinemys,True
371922,Satellite Flies,Miltogramminae,True
118055,,Cryptoporus,True
250073,,Mexigonus,True
298248,,Mexigonus minutus,True
318474,Fuller's rose weevil,Pantomorus cervinus,True
246066,,Ligyra,True
514011,,Chenopodiastrum,True
514012,nettle-leaved goosefoot,Chenopodiastrum murale,True
48893,zodariid spiders,Zodariidae,True
90567,,Oxychilus,True
177578,,Laemostenus,True
121025,Cosmopolitan Ground Beetle,Laemostenus complanatus,True
61907,,Helminthotheca,True
349368,Eremiaphilid Mantises,Eremiaphilidae,True
335675,Nonmigratory Allen's Hummingbird,Selasphorus sasin sedentarius,True
129733,Ice Plant,Disphyma,True
1180803,,Galeropsidaceae,True
118262,Mottlegills,Panaeolus,True
351673,Turf Mottlegill,Panaeolus fimicola,True
524185,,Oloptum,True
52585,Rainpool Gliders,Pantala,True
124186,,Plodia,True
79214,San Diego Wirelettuce,Stephanomeria diegensis,True
54693,Restiads,Restionaceae,True
431783,Cape Thatching Reed,Elegia tectorum,True
77946,coppery mesemb,Malephora crocea,True
366285,,Cerithideopsis,True
470678,California Horn Snail,Cerithideopsis californica,True
162826,Grassleaf Spurge,Euphorbia graminea,True
121468,Hackled Orbweavers,Uloboridae,True
244424,,Uloborus diversus,True
72253,,Nicandra,True
143038,,Lineodes,True
153315,,Oedaleonotus,True
58204,,Malvella,True
72082,,Cyclospermum,True
72239,,Modiola,True
68220,calthrops and ratanies,Zygophyllales,True
152071,,Spirotrichea,True
152470,,Euplotida,True
335441,,Aspidiscidae,True
335442,,Aspidisca,True
345849,,Sphaeropleales,True
200872,,Scenedesmaceae,True
326269,,Desmodesmus,True
774724,Conjugating green algae,Conjugatophyceae,True
123849,Desmid,Zygnematales,True
123850,,Zygnemataceae,True
152067,,Oligohymenophorea,True
495758,,Sessilida,True
121592,Vorticellidae,Vorticellidae,True
1043961,,Melosirales,True
123877,,Melosiraceae,True
1271542,,Phaeothamniophyceae,True
152282,,Phaeothamniales,True
968884,,Phaeothamniaceae,True
1272885,,Phaeoschizochlamys,True
72129,,Eulobus,True
77107,California primrose,Eulobus californicus,True
61178,ponysfoots,Dichondra,True
55486,,Fuligo,True
58225,,Dendromecon,True
86128,American Round Rays,Urotrygonidae,True
49201,,Urobatis,True
742880,,Malvacea,True
152080,complex thalloid liverworts,Marchantiopsida,True
152698,,Lunulariales,True
55702,,Lunulariaceae,True
55701,,Lunularia,True
132791,,Clepsis,True
62474,Brittle Pricklypear,Opuntia fragilis,True
373796,Typical Bark Beetles,Scolytini,True
49553,House Centipedes,Scutigeromorpha,True
49555,,Scutigera,True
54248,,Arphia,True
54247,California Orange-winged Grasshopper,Arphia ramona,True
211211,,Holocnemus,True
7575,,Thryomanes,True
853185,,Micranthophora,True
199492,,Castianeira thalia,True
68231,Tropical Pennants,Brachymesia,True
797562,Sceloporine Lizards,Sceloporinae,True
117473,,Zirfaea,True
171222,,Asiomorpha,True
214432,Long-flange Millipede,Asiomorpha coarctata,True
823397,glory bushes and allies,Pleroma,True
1234458,,Passiflora × decaisneana,True
426002,Sugar Bush × Lemonade Berry hybrid,Rhus integrifolia × ovata,True
487319,Wigeons and Allies,Mareca,True
144324,Small Terns,Sternula,True
131834,,Otala,True
332905,,Salviniales,True
64657,water fern family,Salviniaceae,True
52631,Mosquito Ferns,Azolla,True
173927,,Diachus,True
464873,,Acreophthiria,True
453211,,Oxycarenidae,True
322945,,Oxycarenus,True
245716,,Pogonortalis,True
245715,Boatman Fly,Pogonortalis doclea,True
3957,Phalaropes,Phalaropus,True
485176,American Wigeon,Mareca americana,True
325941,Charcoal Beetle,Melanophila consputa,True
317914,,Disclisioprocta,True
325304,,Nemoria leptalea,True
454917,,Hemipenthes edwardsii,True
58123,sprawling saltbush,Atriplex suberecta,True
260020,,Saropogon luteus,True
204081,Southern Purple Mint Moth,Pyrausta laticlavia,True
153155,,Dugesiidae,True
349331,,Orthops,True
358494,,Tanaops,True
358502,,Tanaops longiceps,True
48193,,Acizzia,True
493389,Fungus Gnats and Gall Midges,Sciaroidea,True
346304,,Acmaeodera latiflava,True
53510,Straight-faced Windscorpions,Eremobatidae,True
172583,,Hemerotrecha,True
211061,,Platyptiliini,True
64110,,Venegasia,True
291533,fourleaf pink-sorrel,Oxalis tetraphylla,True
60854,Fritillaries and Longwings,Heliconiinae,True
270467,Northern Rotund-Resin Bee,Anthidiellum notatum,True
317592,,Metatrichia,True
259455,,Metatrichia bulbosa,True
301456,Southern Masked Chafer,Cyclocephala lurida,True
244067,,Bactrocera,True
326609,olive fruit fly,Bactrocera oleae,True
123052,,Xanthorhoini,True
48750,Rough Limpet,Lottia scabra,True
69794,Black Burying Beetle,Nicrophorus nigrita,True
58875,,Polycarpon,True
58876,fourleaf manyseed,Polycarpon tetraphyllum,True
58137,lanceleaf liveforever,Dudleya lanceolata,True
148049,sand sagebrush,Artemisia filifolia,True
54756,,Teloschistaceae,True
161821,silver ponysfoot,Dichondra argentea,True
474386,Heartleaf Falsepea,Polygala fruticosa,True
152887,,Molpadida,True
245324,,Molpadiidae,True
847030,,Pentidotea kirchanskii,True
48832,Bat Stars,Patiria,True
116690,,Pteropurpura,True
480661,Festive Murex,Pteropurpura festiva,True
131185,Hartweg's Chiton,Cyanoplax hartwegii,True
478535,,Leopecten,True
478534,San Diego Scallop,Leopecten diegensis,True
840800,,Corallinoideae,True
48037,,Strongylocentrotidae,True
372865,Orthorrhaphan Flies,Orthorrhapha,True
127154,,Calliarthron,True
446884,,Calliarthron tuberculosum,True
118393,Common Fieldcap,Agrocybe pediades,True
319025,,Tenebrioninae,True
479477,Yellow-gilled Sea Goddess,Doriopsilla gemela,True
49813,,Haminoeidae,True
71999,,Bahiopsis,True
52846,Bur Parsley,Anthriscus caucalis,True
61636,Bee-killers,Mallophora,True
202089,true cochineal bug,Dactylopius coccus,True
121682,Pink Volcano Barnacle,Tetraclita rubescens,True
514989,,Pooideae,True
83463,Willow Gall Midges,Rabdophaga,True
172918,,Axion,True
71389,Agoutis and Acouchis,Dasyproctidae,True
52029,"Flannel, Slug Caterpillar, Leaf Skeletonizer, and Allied Moths",Zygaenoidea,True
84865,,Eudistylia,True
117595,Giant Feather Duster Worm,Eudistylia polymorpha,True
126126,chain bladder kelp,Stephanocystis osmundacea,True
72029,Suncups,Camissoniopsis,True
122535,,Heliothinae,True
64104,desert wild grape,Vitis girdiana,True
127401,Agrarian Sac Spider,Cheiracanthium inclusum,True
339382,Steindachner's Ebony Tarantula,Aphonopelma steindachneri,True
414448,Aschizan Flies,Aschiza,True
248086,,Ozodiceromyia,True
57204,Woollystars,Eriastrum,True
178370,,Peridroma,True
84754,,Melanopleurus,True
58169,Sea Heath Family,Frankeniaceae,True
505578,,Therevinae,True
878126,,Podagrionini,True
373637,,Anthicini,True
122620,,Arenivaga,True
78580,Tropical Pokeweed,Phytolacca icosandra,True
502785,Masked Chafers and Rice Beetles,Cyclocephalini,True
209849,,Chrysopini,True
902551,Mower's Mushroom,Panaeolus foenisecii,True
77873,longleaf bush lupine,Lupinus longifolius,True
130314,,Lygaeinae,True
163873,Hairy Pennywort,Hydrocotyle moschata,True
797520,Colubrine Snakes,Colubrinae,True
58953,,Ehrendorferia,True
72233,Red Tops,Melinis,True
52572,Devil Scorpions,Vaejovidae,True
56811,,Paruroctonus,True
56810,California common scorpion,Paruroctonus silvestrii,True
349846,Jalisco Petrophila,Petrophila jaliscalis,True
155268,,Platylyra,True
155263,California Chaparral Katydid,Platylyra californica,True
120584,Colourful Comb-footed Spiders,Parasteatoda,True
321513,,Asterolecaniidae,True
356157,"Bot Flies, Blow Flies, and Allies",Oestroidea,True
372844,Bostrichiform Beetles,Bostrichiformia,True
77482,Canary Island St. John's Wort,Hypericum canariense,True
72356,Hook-Thorns,Senegalia,True
272610,Trumpet Vines,Amphilophium,True
522678,,Polyommatina,True
117930,,Acarosporales,True
117931,,Acarosporaceae,True
117932,cobblestone lichens,Acarospora,True
212280,Yellow Cobblestone Lichen,Acarospora socialis,True
48522,Inkcaps,Coprinopsis,True
55605,hare's foot inkcap,Coprinopsis lagopus,True
176871,,Neandra,True
225465,Pole Borer,Neandra brunnea,True
367567,Psittacara Parakeets,Psittacara,True
200139,Gould Beanclam,Donax gouldii,True
634938,devil's and angel's trumpets,Datureae,True
51644,foamflowers,Tiarella,True
868167,green alder,Alnus alnobetula,True
1228141,,Liriomyza zinniae,True
57129,Leopard Lily,Lilium pardalinum,True
1038402,New World Checkered-Skippers,Burnsius,True
357924,,Attalus trimaculatus,True
53209,,Delairea,True
59759,Coast Range false bindweed,Calystegia collina,True
72341,,Sanvitalia,True
147996,Mexican Creeping Zinnia,Sanvitalia procumbens,True
39539,Softshell and Flapshell Turtles,Trionychidae,True
39555,American Softshells,Apalone,True
117830,,Silvetia,True
205008,,Dasytinae,True
58192,whitestem hedgenettle,Stachys albens,True
632069,,Asclepiadinae,True
335464,Gold medallion tree,Cassia leptophylla,True
64135,Thickleaf monardella,Monardella hypoleuca,True
130356,Snowy Tree Cricket,Oecanthus fultoni,True
771946,San Diego Monkeyflower,Diplacus × australis,True
1102276,,Copestylum fraudulentum,True
775800,,Tectipleura,True
61165,tree anemone,Carpenteria,True
127493,,Megalographa,True
322379,,Agriolimacidae,True
87902,Smooth Land Slugs,Deroceras,True
123444,Pacific Gooseneck Barnacle,Lepas pacifica,True
48392,,Membraniporidae,True
67866,,Bryaceae,True
172370,,Neriene,True
209814,Sierra Dome Spider,Neriene litigiosa,True
126730,Woolly Darkling Beetle,Eleodes osculans,True
417879,Typical Orbweavers,Araneinae,True
49357,silver cholla,Cylindropuntia echinocarpa,True
47587,Flatmesh Weavers,Oecobiidae,True
210616,Cabbage Webworm Moth,Hellula rogatalis,True
346283,Holsten's Flower Buprestid Beetle,Acmaeodera holsteni,True
203098,,Candelaria pacifica,True
49669,"sandalwoods, mistletoes, and allies",Santalales,True
59992,sandalwood family,Santalaceae,True
167316,wingpod purslane,Portulaca umbraticola,True
148912,Tree Crickets,Oecanthinae,True
62006,"Fruit, Signal, and Picture-winged Flies",Tephritoidea,True
173093,Blastobasid Moths,Blastobasidae,True
173022,,Arta,True
935859,,Macaria marcescaria,True
287577,Sessile-leaved Yerba Santa,Eriodictyon sessilifolium,True
32435,Threadsnakes,Leptotyphlopidae,True
75393,Prostrate Amaranth,Amaranthus deflexus,True
333822,Domestic Swan Goose,Anser cygnoides domesticus,True
326092,Mallard × Muscovy Duck,Anas platyrhynchos × Cairina moschata,True
64102,Big-eared Woodrat,Neotoma macrotis,True
194285,Caerulean-winged Grasshopper,Trimerotropis pseudofasciata,True
55878,,Peniophoraceae,True
55879,,Peniophora,True
497089,,Peniophora malenconii,True
472302,,Alconeura,True
533400,paddle plant,Kalanchoe thyrsiflora,True
168306,Sierra Snapdragon,Sairocarpus multiflorus,True
53089,cottonbatting plant,Pseudognaphalium stramineum,True
72138,,Funastrum,True
775602,Hartweg's climbing milkweed,Funastrum heterophyllum,True
210138,,Scantius,True
154789,,Aleurodicus,True
470235,,Extriplex,True
470236,California orache,Extriplex californica,True
39844,Map Turtles,Graptemys,True
39847,False Map Turtle,Graptemys pseudogeographica,True
258775,,Villa miscella,True
58934,Grass-poly,Lythrum hyssopifolia,True
346333,,Anambodera,True
129579,,Tropiduchidae,True
366575,,Mirini,True
55473,,Bolbitius,True
56311,,Parasola,True
451363,,Iassinae,True
218410,,Dictyna calcarata,True
244085,,Cryptolaemus,True
446767,,Aphalaridae,True
155375,,Glycaspis,True
51977,Small Dung Beetles,Aphodiinae,True
132516,Clastopterid Spittlebugs,Clastopteridae,True
132517,,Clastoptera,True
468977,,Clastoptera lineatocollis,True
326234,,Blapylis,True
72291,,Peucephyllum,True
78467,Schott's pygmycedar,Peucephyllum schottii,True
366269,,Dioprosopa,True
1303736,,Cichliformes,True
4495,Skimmers,Rynchops,True
172233,,Terralonus,True
210501,Intertidal Jumping Spider,Terralonus californicus,True
55467,Omnivorous Looper,Sabulodes aegrotata,True
338941,Typical Green Lacewings,Chrysopinae,True
639743,,Usiinae,True
373738,,Megatomini,True
248126,,Neodiplocampta,True
294581,,Neodiplocampta mira,True
52232,,Rhagoletis,True
52202,Walnut Husk Fly,Rhagoletis completa,True
81652,Mochas,Cyclophora,True
217968,Dwarf Tawny Wave,Cyclophora nanaria,True
210029,,Agdistis,True
210028,Alkali Heath Plume Moth,Agdistis americana,True
60111,water clover,Marsilea vestita,True
63838,,Pisolithaceae,True
63839,,Pisolithus,True
179044,Dyeball,Pisolithus arhizus,True
447941,,Trupanea vicina,True
333725,,Copidita,True
333724,,Copidita quadrimaculata,True
474338,,Bromelioideae,True
245131,Outer Barklice,Ectopsocidae,True
307451,,Ectopsocus californicus,True
55050,"Bark-gnawing, Checkered, and Soft-winged Flower Beetles",Cleroidea,True
248123,,Epacmus,True
965843,,Epacmus nitidus,True
259624,,Hemipenthes eumenes,True
56951,striped treasureflower,Gazania linearis,True
47766,Orangetip Seaslugs,Limacia,True
538831,McDonald's Dorid,Limacia mcdonaldi,True
54524,,Crassadoma,True
503941,,Borsoniidae,True
447410,,Ophiodermella,True
447409,Snakeskin Turrid,Ophiodermella inermis,True
117645,,Amphissa,True
135266,,Archytas apicifer,True
129945,,Acanthinucella,True
129931,Angular Unicorn,Acanthinucella spirata,True
367432,Southern Kelp Crab,Taliepus nuttallii,True
125165,Woolly Aphids and Gall-making Aphids,Eriosomatinae,True
775564,,Hesperaptyxis,True
736009,Painted Spindle,Hesperaptyxis luteopictus,True
85722,Cypridids,Cyprididae,True
200900,,Oedogoniaceae,True
123884,,Naviculales,True
479943,,Ganoderma polychromum,True
118486,Common Angle,Macaria aemulataria,True
373758,,Opatrini,True
335017,,Archirhoe,True
346542,New Mexico Carpet Moth,Archirhoe neomexicana,True
155260,Fontana Grasshopper,Trimerotropis fontana,True
505227,,Ozodiceromyia nanella,True
142180,,Christella,True
1194244,,Christella normalis,True
72085,Holly Ferns,Cyrtomium,True
57110,irisleaf rush,Juncus xiphioides,True
173219,,Amblyptilia,True
360194,,Exoprosopa doris,True
326013,,Panicoideae,True
467324,,Leskiini,True
518245,,Sphecini,True
202316,,Romaleon,True
63043,,Calystegia macrostegia intermedia,True
53194,,Rafinesquia,True
989731,,Janolidae,True
886885,Silvertips,Antiopella,True
117731,cockscomb nudibranch,Antiopella barbarensis,True
39556,Spiny Softshell Turtle,Apalone spinifera,True
126130,,Stephanocystis dioica,True
428460,Devil weed,Sargassum horneri,True
4179,Fulmars,Fulmarus,True
893104,,Epitonium catalinae,True
196465,,Sympherobius,True
460351,,Leucocoprinus ianthinus,True
119493,Eyed Hawkmoths,Smerinthus,True
63759,,Anavitrinella,True
63750,Common Gray,Anavitrinella pampinaria,True
77111,tree spurge,Euphorbia dendroides,True
250736,,Aporus,True
201315,Typical Spider Wasps,Pompilinae,True
330506,,Phereoeca,True
363376,Household Casebearer,Phereoeca uterella,True
252908,Bloodsucking Conenoses,Triatoma,True
308567,Western Bloodsucking Conenose,Triatoma protracta,True
125458,Picture-winged Flies,Ulidiidae,True
132691,Banded-wing Flies,Chaetopsis,True
1264587,,Chaetopsis magna,True
67668,,Gelidiales,True
208876,,Dallocardia,True
483619,Spiny Pricklycockle,Dallocardia quadragenaria,True
78238,California evening primrose,Oenothera californica,True
245154,Dusty-winged Lacewings,Coniopterygidae,True
105579,California Corbina,Menticirrhus undulatus,True
176394,,Eupteryx,True
68097,,Botrylloides,True
81776,Chain tunicate,Botrylloides violaceus,True
117837,,Halymeniales,True
117838,,Halymeniaceae,True
117839,,Prionitis,True
117829,Crustose coralline algae,Lithothamnion,True
1267520,,Petrospongiaceae,True
345164,,Petrospongium,True
475636,,Petrospongium rugosum,True
814173,,Odontophora,True
116689,Nuttall's Hornmouth,Ceratostoma nuttalli,True
121179,,Megastraea,True
373659,,Chilocorini,True
246139,Caenogastropods,Caenogastropoda,True
215726,Speckled Dun,Callibaetis pictus,True
177314,Palm Flower Moth,Litoprosopus coachella,True
319558,,Hemieuxoa,True
319557,Creaky Dart,Hemieuxoa rudens,True
124599,,Emmelina,True
499873,,Californiconus,True
499874,California Cone,Californiconus californicus,True
464487,,Amblonoxia,True
464425,Dusty June Beetle,Amblonoxia palpalis,True
501136,,Thaumatomyia grata,True
58011,scalebroom,Lepidospartum,True
461848,,Hydrophorinae,True
211868,,Psoloessa,True
1164653,,Quasilema,True
248276,,Tachytrechus,True
319122,Blue Rock Bindweed,Convolvulus sabatius,True
416721,Trachelid Spiders,Trachelidae,True
47417,,Trachelas,True
52020,,Dysphania,True
506796,sandmats,Anisophyllum,True
120250,Pineapple lilies,Eucomis,True
401783,Crown Pineapple Lily,Eucomis comosa,True
464868,,Geotomini,True
343783,Woodlice and Pillbugs,Holoverticata,True
448331,Striped Greenhouse Slug,Ambigolimax valentianus,True
58774,procumbent pigweed,Amaranthus blitoides,True
60958,Everlastings and Cudweeds,Gamochaeta,True
77221,Pennsylvania Cudweed,Gamochaeta pensylvanica,True
347308,,Drasteria ochracea,True
52802,smallflower melicgrass,Melica imperfecta,True
133800,,Xenox,True
490378,Sea Mallow,Malva subovata,True
793870,Agaricus sect. Xanthodermatei,Xanthodermatei,True
474463,,Ephydrinae,True
366239,,Hydroporinae,True
157638,,Hunnemannia,True
163850,Mexican tulip poppy,Hunnemannia fumariifolia,True
461187,,Corixinae,True
154661,White-lipped Blood Bee,Sphecodes albilabris,True
178758,,Trichobaris,True
71407,Basella Family,Basellaceae,True
71972,,Anredera,True
76660,blue-and-white daisybush,Dimorphotheca ecklonis,True
69731,,Coelocnemis,True
69732,California Broad-necked Darkling Beetle,Coelocnemis dilaticollis,True
462188,,Dosima,True
462187,Buoy Barnacle,Dosima fascicularis,True
128033,,Broussonetia,True
259572,,Xenox habrosus,True
4233,Western and Clark's Grebes,Aechmophorus,True
604855,,Chrysidini,True
250724,,Paratiphia,True
209720,Whites,Pierinae,True
227259,Old Gray Ruffles,Parmotrema tinctorum,True
343465,Mulch Fieldcap,Agrocybe putaminum,True
20414,"Barn, Masked, Grass, and Sooty Owls",Tyto,True
48575,Hopkins's Rose Nudibranch,Okenia rosacea,True
128007,S-banded Tiger Beetle,Cicindela trifasciata,True
58879,pitseed goosefoot,Chenopodium berlandieri,True
143120,,Galgula,True
143119,Wedgling Moth,Galgula partita,True
464701,,Spangbergiella,True
72069,,Constancea,True
76431,Nevin's Woolly Sunflower,Constancea nevinii,True
162855,Fire Stick,Euphorbia tirucalli,True
205171,,Aporinellus,True
99920,Arroyo Bluet,Enallagma praevarum,True
456953,,Endeodes,True
551820,,Endeodes insularis,True
871441,,Crassostreinae,True
179929,,Melampsoraceae,True
1000236,,Melampsora occidentalis,True
122007,,Argyrogrammatini,True
534019,Mahogany Jerusalem Cricket,Ammopelmatus mahogany,True
83796,,Architaenioglossa,True
51220,California Dancer,Argia agrioides,True
72062,comarostaphyloses,Comarostaphylis,True
76423,summer holly,Comarostaphylis diversifolia,True
320682,Grass Darts and Darters,Taractrocerini,True
249041,,Belonochilus,True
68812,Melania Snails,Thiaridae,True
785083,,Esula,True
50253,,Lecanoraceae,True
532707,,Protoparmeliopsis,True
632126,Stonewall Rim Lichen,Protoparmeliopsis muralis,True
76740,Santa Barbara Island Dudleya,Dudleya traskiae,True
1228213,American Jerusalem Crickets,Stenopelmatini,True
67432,Metalmark Moths,Choreutidae,True
174231,,Choreutis,True
491149,,Choreutis emplecta,True
371999,,Dexiini,True
324222,,Supella,True
324221,Brown-banded Cockroach,Supella longipalpa,True
193928,Case-bearing Clothes Moth,Tinea pellionella,True
58889,,Datiscaceae,True
58890,,Datisca,True
129571,,Hofmannophila,True
129570,Brown House Moth,Hofmannophila pseudospretella,True
544543,,Drosophilinae,True
475830,,Rhynchodeminae,True
48437,brake family,Pteridaceae,True
146642,,Parapediasia,True
181476,Ferriss's horsetail,Equisetum × ferrissii,True
52988,,Empicoris,True
4881,Avocets,Recurvirostra,True
334178,Willow Stem Sawfly,Euura exiguae,True
67867,,Bryum,True
78792,Taiwan Firethorn,Pyracantha koidzumii,True
321511,,Jalysus,True
204900,,Episyron,True
152058,,Colpodea,True
152481,,Colpodida,True
245714,,Colpodidae,True
1128399,,Arcitalitridae,True
319059,,Arcitalitrus,True
319058,Lawn Shrimp,Arcitalitrus sylvaticus,True
53868,Pondhawks,Erythemis,True
173090,Flower-loving Flies,Apiocera,True
249066,,Neacoryphus,True
61504,,Ascalapha,True
329941,,Oxysarcodexia,True
152699,Complex thallose liverworts,Marchantiales,True
55708,,Marchantiaceae,True
56394,,Marchantia,True
342828,,Marchantia polymorpha ruderalis,True
418174,,Orthotylus,True
142372,,Rumohra,True
57184,Creeping wild rye,Leymus triticoides,True
68864,Long-waisted Paper Wasps,Mischocyttarus,True
155690,,Wedelia,True
90646,,Panoquina,True
82055,,Eremobates,True
326213,,Narnia,True
154268,Cactus Coreids,Chelinidea,True
146952,Big-eyed Bugs,Geocoridae,True
199049,Mesilla Masked Bee,Hylaeus mesillae,True
373487,,Mordellinae,True
48148,Many-plumed Moths,Alucitidae,True
213109,Montana Six-plume Moth,Alucita montana,True
362842,,Paranoplium,True
362843,,Paranoplium gracile,True
208609,,Trachymela,True
143285,,Diastictis,True
76565,Gander's cholla,Cylindropuntia ganderi,True
77363,fragrant heliotrope,Heliotropium amplexicaule,True
343586,Salty Mushroom,Agaricus bernardii,True
196455,Barber's Brown Lacewing,Sympherobius barberi,True
370840,,Bostrichinae,True
354556,,Dicyphus,True
68246,,Euptoieta,True
237296,Western Mockingbird,Mimus polyglottos leucopterus,True
39886,"Eurasian Pond, River, and Neotropical Wood Turtles",Geoemydidae,True
39967,,Mauremys,True
39913,Chinese Pond Turtle,Mauremys reevesii,True
632887,,Centaureinae,True
122655,,Sphaeropthalma,True
299946,,Sphaeropthalma unicolor,True
126694,,Maladera,True
178126,,Geranomyia,True
363224,Green Burgundy Stink Bug,Banasa dimidiata,True
446959,Vespertilionoid Bats,Vespertilionoidea,True
48299,,Lepisma,True
49331,Crevice Weavers,Filistatidae,True
49330,,Kukulcania,True
173493,,Euchromius,True
1087209,Coprinellus sect. Setulosi,Setulosi,True
126623,,Fieberiella,True
126622,Privet Leafhopper,Fieberiella florii,True
57216,California Polypody,Polypodium californicum,True
275390,red-gland spurge,Euphorbia melanadenia,True
364120,,Hemipenthes pullata,True
117423,,Pertusariales,True
175733,,Megasporaceae,True
175944,Sunken Disk Lichens,Aspicilia,True
200019,Narrow Barklice,Stenopsocidae,True
200018,,Graphopsocus,True
52496,Gingers,Zingiberaceae,True
423543,Flat-bodied moths,Depressariidae,True
173500,,Ethmia,True
219583,Mountain-mahogany Moth,Ethmia discostrigella,True
152943,,Crassiclitellata,True
196397,Snake Earthworms,Amynthas,True
55174,,Dothideomycetes,True
504101,,Venturiales,True
58702,,Venturiaceae,True
58703,,Apiosporina,True
49807,Cloudy Bubble Snail,Bulla gouldiana,True
146354,Blainville's Horned Lizard,Phrynosoma blainvillii,True
472287,Greylag × Swan Goose,Anser anser × cygnoides,True
119157,Cockatoos,Cacatuidae,True
71671,White Cockatoos and Corellas,Cacatua,True
52798,Spreading Rush,Juncus patens,True
524432,Mexican blood flower,Amphilophium buccinatorium,True
326603,Hunter fly,Coenosia attenuata,True
326001,,Euptilon,True
171278,Cave Centipedes,Cryptops,True
199350,,Platydemus,True
173147,,Aneflomorpha,True
269853,,Aneflomorpha lineare,True
144068,,Pediasia,True
144067,Sod Webworm Moth,Pediasia trisecta,True
87204,,Cantareus,True
96707,Green Garden Snail,Cantareus apertus,True
249269,,Paravaejovis,True
424744,,Paravaejovis puritanus,True
56271,,Didymiaceae,True
63042,,Mucilago,True
1138117,,Cenchrinae,True
78265,Arborescent Pricklypear,Opuntia leucotricha,True
1109241,,Harmochirina,True
118990,,Homoneura occidentalis,True
790592,,Selineae,True
367446,,Anacharitinae,True
296465,Western Subterranean Termite,Reticulitermes hesperus,True
59191,,Heliopetes,True
128842,Wrigglers,Eisenia,True
127409,Redworm,Eisenia fetida,True
60072,Silver Long-jawed Orbweaver,Tetragnatha laboriosa,True
329926,Scaled Hump-backed Fly,Megaselia scalaris,True
424957,,Anthomyia illocata,True
359908,,Xantholinini,True
55328,adder's-tongues and allies,Ophioglossales,True
55329,adder's-tongue family,Ophioglossaceae,True
59890,adder's-tongues,Ophioglossum,True
622795,,Muscinae,True
57938,,Laennecia,True
646005,,Sternobrithes,True
75407,slimleaf bursage,Ambrosia confertiflora,True
455244,,Dicerca hornii,True
53838,chocolate tube slime,Stemonitis splendens,True
63583,pleated inkcap,Parasola plicatilis,True
630977,,Tingini,True
320935,,Elasmopalpus,True
1252809,Lesser Cornstalk Borer Moth,Elasmopalpus lignosella,True
126983,,Dichorda,True
76222,smooth mountain mahogany,Cercocarpus minutiflorus,True
185182,,Ozoroa,True
75411,cheeseweed burrobrush,Ambrosia monogyra,True
7463,,Catherpes,True
71949,,Adolphia,True
75289,California adolphia,Adolphia californica,True
151883,gnetophytes,Gnetopsida,True
153150,jointfirs,Ephedrales,True
53880,Jointfir Family,Ephedraceae,True
76824,Nevada Ephedra,Ephedra nevadensis,True
90633,Rock Skimmers,Paltothemis,True
108303,Red Rock Skimmer,Paltothemis lineatipes,True
1260096,,Burnettweldia,True
11863,New World Martins,Progne,True
53946,,Styphnolobium,True
119945,,Plataea,True
228280,,Plataea californiaria,True
224853,Royal Poinciana Graphic,Melipotis acontioides,True
84486,Gem-shaped Orbweaver,Araneus gemma,True
81220,,Peritoma arborea angustata,True
55338,,Fissidentaceae,True
59587,,Tephritini,True
935778,Willow gall sawfly,Euura proxima,True
58778,,Apiastrum,True
58777,mock parsley,Apiastrum angustifolium,True
370923,,Suleima,True
157423,,Furcraea,True
163131,Mauritius hemp,Furcraea foetida,True
355462,,Ceroxys,True
121334,,Neoterpes,True
121332,,Neoterpes edwardsata,True
41089,Long-tongued Bats,Glossophaga,True
41132,,Platalina,True
41039,Yellow-shouldered Bats,Sturnira,True
40293,Atacama myotis,Myotis atacamensis,True
41311,,Nyctinomops,True
41313,Peale's free-tailed bat,Nyctinomops aurispinosus,True
846180,Vesper Bats,Vespertilioninae,True
446946,,Yangochiroptera,True
557049,,Neoxylocopa,True
252669,,Melitoma,True
270959,Segmented Turret Bee,Melitoma segmentaria,True
252639,,Leiopodus,True
1073687,Brues' Mini-Digger,Exomalopsis bruesi,True
700468,,Cressoniella,True
344448,,Tetragonisca,True
578096,,Paracentris,True
252810,,Pseudaugochlora,True
602825,,Hylaeopsis,True
415012,,Eutricharaea,True
571282,,Oxystoglossella,True
252966,,Thygater,True
636890,,Neopasiphaeinae,True
335660,Chimney Bees,Emphorini,True
7108,,Lophodytes,True
27474,Black-bellied Slender Salamander,Batrachoseps nigriventris,True
51498,Orangetips,Anthocharis,True
59167,,Apodemia,True
